Name,Region,state,summit_elev,vertical_drop,base_elev,trams,fastSixes,fastQuads,quad,triple,double,surface,total_chairs,Runs,TerrainParks,LongestRun_mi,SkiableTerrain_ac,Snow Making_ac,daysOpenLastYear,yearsOpen,averageSnowfall,AdultWeekend,projectedDaysOpen,NightSkiing_ac,resort_skiable_area_ac_state_ratio,resort_days_open_state_ratio,resort_terrain_park_state_ratio,resort_night_skiing_state_ratio,resorts_per_state,resorts_per_100kcapita,resorts_per_100ksq_mile,total_chairs_runs_ratio,total_chairs_skiable_ratio,fastQuads_runs_ratio,fastQuads_skiable_ratio
Alyeska Resort,Alaska,Alaska,3939,2500,250,1,0,2,2,0,0,2,7,76.0,2.0,1.0,1610.0,113.0,150.0,60.0,669.0,85.0,150.0,550.0,536.6666666666666,0.43478260869565216,0.5,0.9482758620689656,3,0.4100909718472548,0.450867469010376,0.09210526315789473,0.004347826086956522,0.02631578947368421,0.0012422360248447205
Eaglecrest Ski Area,Alaska,Alaska,2600,1540,1200,0,0,0,0,0,4,0,4,36.0,1.0,2.0,640.0,60.0,45.0,44.0,350.0,53.0,90.0,,213.33333333333331,0.13043478260869565,0.25,,3,0.4100909718472548,0.450867469010376,0.1111111111111111,0.00625,0.0,0.0
Hilltop Ski Area,Alaska,Alaska,2090,294,1796,0,0,0,0,1,0,2,3,13.0,1.0,1.0,30.0,30.0,150.0,36.0,69.0,34.0,152.0,30.0,10.0,0.43478260869565216,0.25,0.05172413793103448,3,0.4100909718472548,0.450867469010376,0.2307692307692308,0.1,0.0,0.0
Arizona Snowbowl,Arizona,Arizona,11500,2300,9200,0,1,0,2,2,1,2,8,55.0,4.0,2.0,777.0,104.0,122.0,81.0,260.0,89.0,122.0,,388.5,0.5147679324894515,0.6666666666666666,,2,0.027477369981550318,1.7545398719185894,0.14545454545454545,0.010296010296010296,0.0,0.0
Sunrise Park Resort,Arizona,Arizona,11100,1800,9200,0,0,1,2,3,1,0,7,65.0,2.0,1.2,800.0,80.0,115.0,49.0,250.0,78.0,104.0,80.0,400.0,0.4852320675105485,0.3333333333333333,1.0,2,0.027477369981550318,1.7545398719185894,0.1076923076923077,0.00875,0.015384615384615384,0.00125
Yosemite Ski & Snowboard Area,Northern California,California,7800,600,7200,0,0,0,0,1,3,1,5,10.0,2.0,0.4,88.0,,110.0,84.0,300.0,47.0,107.0,,4.190476190476192,0.04017531044558072,0.02469135802469136,,21,0.05314811064920341,12.828736369467606,0.5,0.05681818181818181,0.0,0.0
Dodge Ridge,Sierra Nevada,California,8200,1600,6600,0,0,0,1,2,5,4,12,67.0,5.0,2.0,862.0,,,69.0,350.0,78.0,140.0,,41.047619047619044,,0.061728395061728385,,21,0.05314811064920341,12.828736369467606,0.1791044776119403,0.013921113689095129,0.0,0.0
Donner Ski Ranch,Sierra Nevada,California,8012,750,7031,0,0,0,0,1,5,2,8,52.0,2.0,1.5,505.0,60.0,163.0,82.0,400.0,75.0,170.0,,24.04761904761905,0.059532505478451424,0.02469135802469136,,21,0.05314811064920341,12.828736369467606,0.15384615384615385,0.015841584158415842,0.0,0.0
Mammoth Mountain Ski Area,Sierra Nevada,California,11053,3100,7953,3,2,9,1,6,4,0,25,154.0,7.0,3.0,3500.0,700.0,243.0,66.0,400.0,159.0,,,166.66666666666666,0.0887509130752374,0.08641975308641975,,21,0.05314811064920341,12.828736369467606,0.16233766233766234,0.0071428571428571435,0.05844155844155844,0.0025714285714285713
Mt. Shasta Ski Park,Sierra Nevada,California,6890,1435,5500,0,0,0,0,3,0,1,4,32.0,2.0,1.1,425.0,225.0,140.0,34.0,300.0,59.0,130.0,,20.238095238095237,0.051132213294375464,0.02469135802469136,,21,0.05314811064920341,12.828736369467606,0.125,0.009411764705882352,0.0,0.0
Mountain High,Sierra Nevada,California,8200,1600,6600,0,0,2,2,2,5,3,14,59.0,1.0,1.6,290.0,275.0,118.0,95.0,108.0,84.0,150.0,73.0,13.809523809523812,0.04309715120525932,0.012345679012345678,0.12436115843270867,21,0.05314811064920341,12.828736369467606,0.23728813559322035,0.04827586206896552,0.03389830508474576,0.006896551724137931
Mt. Baldy,Sierra Nevada,California,8600,2100,6500,0,0,0,0,0,4,0,4,26.0,,2.5,400.0,80.0,175.0,67.0,178.0,69.0,200.0,,19.047619047619047,0.06391526661796933,,,21,0.05314811064920341,12.828736369467606,0.15384615384615385,0.01,0.0,0.0
Ski China Peak,Sierra Nevada,California,8709,1679,7030,0,0,0,1,4,2,4,11,45.0,1.0,2.2,1400.0,150.0,140.0,62.0,300.0,83.0,144.0,,66.66666666666667,0.051132213294375464,0.012345679012345678,,21,0.05314811064920341,12.828736369467606,0.24444444444444444,0.007857142857142858,0.0,0.0
Snow Valley,Sierra Nevada,California,7841,1041,6800,0,0,0,0,5,6,1,12,28.0,6.0,1.2,240.0,188.0,111.0,82.0,160.0,79.0,143.0,164.0,11.428571428571427,0.040540540540540536,0.07407407407407407,0.27938671209540034,21,0.05314811064920341,12.828736369467606,0.42857142857142855,0.05,0.0,0.0
Soda Springs,Sierra Nevada,California,7352,652,6700,0,0,0,0,1,1,2,4,18.0,,0.4,200.0,20.0,150.0,83.0,400.0,50.0,144.0,,9.523809523809524,0.0547845142439737,,,21,0.05314811064920341,12.828736369467606,0.2222222222222222,0.02,0.0,0.0
Sugar Bowl Resort,Sierra Nevada,California,8383,1500,6883,1,0,5,3,1,0,2,12,105.0,3.0,3.0,1650.0,375.0,151.0,80.0,500.0,125.0,150.0,,78.57142857142857,0.055149744338933535,0.037037037037037035,,21,0.05314811064920341,12.828736369467606,0.11428571428571427,0.007272727272727274,0.047619047619047616,0.0030303030303030303
Tahoe Donner,Sierra Nevada,California,7350,600,6750,0,0,0,1,1,0,3,5,14.0,2.0,1.0,120.0,,150.0,48.0,400.0,69.0,144.0,,5.7142857142857135,0.0547845142439737,0.02469135802469136,,21,0.05314811064920341,12.828736369467606,0.35714285714285715,0.04166666666666666,0.0,0.0
Arapahoe Basin Ski Area,Colorado,Colorado,13050,2530,10780,0,0,1,2,1,2,3,9,145.0,3.0,1.5,1428.0,125.0,230.0,73.0,350.0,85.0,233.0,,64.9090909090909,0.07059545733578883,0.040540540540540536,,22,0.3820282784277661,21.134743597133358,0.06206896551724138,0.0063025210084033615,0.006896551724137931,0.0007002801120448178
Aspen / Snowmass,Colorado,Colorado,12510,4406,8104,3,1,15,4,3,5,9,40,336.0,10.0,5.3,5517.0,658.0,138.0,72.0,300.0,179.0,138.0,,250.77272727272728,0.0423572744014733,0.13513513513513514,,22,0.3820282784277661,21.134743597133358,0.11904761904761905,0.00725031720137756,0.04464285714285714,0.0027188689505165853
Copper Mountain Resort,Colorado,Colorado,12313,2738,9712,1,2,4,0,4,4,9,24,150.0,6.0,1.7,2527.0,364.0,164.0,47.0,300.0,158.0,164.0,,114.86363636363636,0.05033763044812769,0.08108108108108109,,22,0.3820282784277661,21.134743597133358,0.16,0.009497427779976256,0.02666666666666667,0.0015829046299960427
Purgatory,Colorado,Colorado,10822,2029,8793,0,1,2,0,3,3,3,12,101.0,9.0,1.3,1605.0,250.0,130.0,54.0,260.0,89.0,130.0,,72.95454545454545,0.03990178023327195,0.12162162162162166,,22,0.3820282784277661,21.134743597133358,0.1188118811881188,0.007476635514018692,0.0198019801980198,0.0012461059190031153
Howelsen Hill,Colorado,Colorado,7136,440,6696,0,0,0,0,0,1,3,4,17.0,1.0,6.0,50.0,25.0,100.0,104.0,150.0,25.0,100.0,10.0,2.272727272727273,0.030693677102516883,0.013513513513513514,0.02336448598130841,22,0.3820282784277661,21.134743597133358,0.2352941176470588,0.08,0.0,0.0
Loveland,Colorado,Colorado,13010,2210,10800,0,0,1,3,3,2,1,10,94.0,1.0,2.0,1800.0,240.0,205.0,82.0,422.0,79.0,184.0,,81.81818181818181,0.06292203806015961,0.013513513513513514,,22,0.3820282784277661,21.134743597133358,0.10638297872340426,0.005555555555555557,0.010638297872340424,0.0005555555555555557
Monarch Mountain,Colorado,Colorado,11952,1162,10790,0,0,0,1,0,4,2,7,64.0,2.0,1.0,800.0,,143.0,80.0,350.0,89.0,136.0,,36.36363636363637,0.04389195825659914,0.027027027027027032,,22,0.3820282784277661,21.134743597133358,0.109375,0.00875,0.0,0.0
Powderhorn,Colorado,Colorado,9850,1650,8200,0,0,1,0,0,2,2,5,42.0,2.0,1.5,1600.0,42.0,111.0,53.0,250.0,71.0,110.0,,72.72727272727273,0.034069981583793735,0.027027027027027032,,22,0.3820282784277661,21.134743597133358,0.11904761904761905,0.003125,0.023809523809523808,0.000625
Silverton Mountain,Colorado,Colorado,13487,3087,10400,0,0,0,0,0,1,0,1,,,1.5,1819.0,,175.0,17.0,400.0,79.0,181.0,,82.68181818181819,0.053713934929404544,,,22,0.3820282784277661,21.134743597133358,,0.0005497526113249038,,0.0
Cooper,Colorado,Colorado,11700,1200,10500,0,0,0,0,1,1,2,4,41.0,1.0,1.0,400.0,,130.0,74.0,260.0,56.0,130.0,,18.181818181818183,0.03990178023327195,0.013513513513513514,,22,0.3820282784277661,21.134743597133358,0.0975609756097561,0.01,0.0,0.0
Ski Granby Ranch,Colorado,Colorado,9202,1000,8202,0,0,2,0,1,1,1,5,40.0,1.0,0.6,406.0,170.0,116.0,36.0,220.0,84.0,92.0,100.0,18.454545454545453,0.03560466543891958,0.013513513513513514,0.2336448598130841,22,0.3820282784277661,21.134743597133358,0.125,0.012315270935960592,0.05,0.0049261083743842365
Sunlight Mountain Resort,Colorado,Colorado,9895,2010,7885,0,0,0,0,1,2,0,3,67.0,1.0,2.5,680.0,30.0,100.0,53.0,250.0,65.0,135.0,,30.90909090909091,0.030693677102516883,0.013513513513513514,,22,0.3820282784277661,21.134743597133358,0.04477611940298507,0.004411764705882353,0.0,0.0
Telluride,Colorado,Colorado,13150,4425,8725,2,0,6,1,2,2,4,17,148.0,3.0,4.6,2000.0,220.0,131.0,47.0,280.0,139.0,137.0,,90.9090909090909,0.040208717004297116,0.040540540540540536,,22,0.3820282784277661,21.134743597133358,0.11486486486486487,0.0085,0.040540540540540536,0.003
Wolf Creek Ski Area,Colorado,Colorado,11904,1604,10300,0,0,3,1,2,1,3,10,120.0,,2.0,1600.0,5.0,130.0,80.0,430.0,72.0,150.0,,72.72727272727273,0.03990178023327195,,,22,0.3820282784277661,21.134743597133358,0.08333333333333333,0.00625,0.025,0.001875
Mohawk Mountain,Connecticut,Connecticut,1600,650,950,0,0,0,0,5,0,3,8,25.0,,1.5,107.0,100.0,,72.0,92.0,65.0,110.0,64.0,21.4,,,0.25,5,0.14024151833321272,90.20386072523905,0.32,0.07476635514018691,0.0,0.0
Mount Southington Ski Area,Connecticut,Connecticut,525,425,100,0,0,0,0,2,2,3,7,14.0,2.0,0.3,51.0,51.0,63.0,55.0,80.0,60.0,95.0,51.0,10.2,0.17847025495750707,0.2,0.19921875,5,0.14024151833321272,90.20386072523905,0.5,0.13725490196078433,0.0,0.0
Powder Ridge Park,Connecticut,Connecticut,720,550,170,0,0,0,0,1,2,2,5,19.0,4.0,0.5,80.0,68.0,80.0,60.0,80.0,55.0,100.0,40.0,16.0,0.226628895184136,0.4,0.15625,5,0.14024151833321272,90.20386072523905,0.2631578947368421,0.0625,0.0,0.0
Ski Sundown,Connecticut,Connecticut,1075,625,450,0,0,0,0,3,0,2,5,16.0,2.0,1.0,70.0,70.0,84.0,50.0,45.0,62.0,95.0,66.0,14.0,0.2379603399433428,0.2,0.2578125,5,0.14024151833321272,90.20386072523905,0.3125,0.07142857142857142,0.0,0.0
Woodbury Ski Area,Connecticut,Connecticut,730,300,430,0,0,0,0,0,1,4,5,12.0,2.0,0.2,50.0,50.0,126.0,57.0,70.0,42.0,180.0,35.0,10.0,0.3569405099150141,0.2,0.13671875,5,0.14024151833321272,90.20386072523905,0.4166666666666667,0.1,0.0,0.0
Bogus Basin,Idaho,Idaho,7582,1800,5800,0,0,3,0,1,3,4,11,91.0,3.0,1.5,2600.0,,134.0,77.0,250.0,64.0,130.0,165.0,216.66666666666663,0.11795774647887325,0.1111111111111111,0.3975903614457832,12,0.6714920833881253,14.359391640440831,0.12087912087912088,0.0042307692307692315,0.03296703296703297,0.001153846153846154
Brundage Mountain Resort,Idaho,Idaho,7640,1800,5840,0,0,1,0,4,0,1,6,51.0,2.0,3.2,1920.0,2.0,126.0,58.0,320.0,70.0,,,160.0,0.11091549295774647,0.07407407407407407,,12,0.6714920833881253,14.359391640440831,0.1176470588235294,0.003125,0.0196078431372549,0.0005208333333333333
Kelly Canyon Ski Area,Idaho,Idaho,6600,1000,5600,0,0,0,0,0,4,2,6,51.0,1.0,1.3,740.0,,,62.0,200.0,42.0,,,61.66666666666666,,0.037037037037037035,,12,0.6714920833881253,14.359391640440831,0.1176470588235294,0.008108108108108109,0.0,0.0
Lookout Pass Ski Area,Idaho,Idaho,5650,1150,4500,0,0,0,0,1,3,0,4,35.0,2.0,1.5,540.0,,113.0,84.0,400.0,47.0,140.0,,45.0,0.0994718309859155,0.07407407407407407,,12,0.6714920833881253,14.359391640440831,0.11428571428571427,0.007407407407407408,0.0,0.0
Magic Mountain Ski Area,Idaho,Idaho,7200,700,6500,0,0,0,0,0,1,2,3,11.0,,1.5,280.0,,65.0,81.0,180.0,32.0,70.0,,23.33333333333333,0.05721830985915492,,,12,0.6714920833881253,14.359391640440831,0.2727272727272727,0.010714285714285714,0.0,0.0
Pebble Creek Ski Area,Idaho,Idaho,8560,2200,6360,0,0,0,0,3,0,0,3,54.0,2.0,1.3,1100.0,30.0,85.0,70.0,250.0,47.0,91.0,30.0,91.66666666666669,0.07482394366197183,0.07407407407407407,0.07228915662650602,12,0.6714920833881253,14.359391640440831,0.05555555555555555,0.0027272727272727275,0.0,0.0
Schweitzer,Idaho,Idaho,6400,2400,4000,0,1,2,0,1,3,2,9,92.0,3.0,2.1,2900.0,47.0,136.0,56.0,300.0,81.0,,100.0,241.66666666666663,0.11971830985915492,0.1111111111111111,0.24096385542168675,12,0.6714920833881253,14.359391640440831,0.09782608695652174,0.0031034482758620693,0.021739130434782608,0.0006896551724137929
Silver Mountain,Idaho,Idaho,6300,2200,4100,1,0,0,1,2,2,1,7,80.0,2.0,2.5,1600.0,225.0,130.0,29.0,300.0,62.0,193.0,20.0,133.33333333333334,0.11443661971830985,0.07407407407407407,0.04819277108433735,12,0.6714920833881253,14.359391640440831,0.0875,0.004375,0.0,0.0
Soldier Mountain Ski Area,Idaho,Idaho,7200,1400,5800,0,0,0,0,0,2,1,3,36.0,,0.4,1142.0,,60.0,71.0,,43.0,,,95.16666666666669,0.0528169014084507,,,12,0.6714920833881253,14.359391640440831,0.08333333333333333,0.002626970227670753,0.0,0.0
Tamarack Resort,Idaho,Idaho,7700,2800,4900,0,0,2,2,0,0,2,6,48.0,3.0,1.5,1020.0,200.0,,15.0,300.0,71.0,150.0,,85.0,,0.1111111111111111,,12,0.6714920833881253,14.359391640440831,0.125,0.005882352941176471,0.04166666666666666,0.0019607843137254897
Chestnut Mountain Resort,Illinois,Illinois,1040,475,565,0,0,0,2,4,0,3,9,22.0,3.0,0.2,139.0,139.0,87.0,60.0,50.0,55.0,112.0,139.0,34.75,0.3936651583710407,0.5,0.7277486910994765,4,0.03156610245678186,6.9067928307490405,0.4090909090909091,0.06474820143884892,0.0,0.0
Ski Snowstar Winter Sports Park,Illinois,Illinois,790,262,528,0,0,0,2,0,2,2,6,15.0,1.0,0.8,28.0,28.0,56.0,38.0,38.0,35.0,86.0,28.0,7.0,0.25339366515837103,0.16666666666666666,0.14659685863874344,4,0.03156610245678186,6.9067928307490405,0.4,0.21428571428571427,0.0,0.0
Villa Olivia,Illinois,Illinois,500,180,320,0,0,0,1,0,0,6,7,7.0,1.0,0.1,15.0,15.0,,53.0,25.0,40.0,70.0,15.0,3.75,,0.16666666666666666,0.07853403141361258,4,0.03156610245678186,6.9067928307490405,1.0,0.4666666666666667,0.0,0.0
Paoli Peaks,Indiana,Indiana,900,300,600,0,0,1,1,3,1,2,8,15.0,2.0,0.4,65.0,65.0,75.0,41.0,18.0,45.0,80.0,65.0,32.5,0.4777070063694268,0.5,0.3939393939393939,2,0.029707886805227218,5.491488193300384,0.5333333333333333,0.12307692307692307,0.06666666666666668,0.015384615384615384
Perfect North Slopes,Indiana,Indiana,800,400,400,0,0,0,2,3,0,6,11,23.0,2.0,1.0,100.0,100.0,82.0,39.0,24.0,52.0,90.0,100.0,50.0,0.5222929936305732,0.5,0.6060606060606061,2,0.029707886805227218,5.491488193300384,0.4782608695652174,0.11,0.0,0.0
Mt. Crescent Ski Area,Iowa,Iowa,1500,300,1200,0,0,0,1,0,1,0,2,11.0,1.0,0.2,50.0,50.0,,58.0,30.0,39.0,,50.0,16.666666666666668,,0.2,0.35714285714285715,3,0.0950850535804277,5.3311534839088015,0.18181818181818185,0.04,0.0,0.0
Seven Oaks,Iowa,Iowa,975,275,800,0,0,0,0,2,0,2,4,11.0,2.0,1.0,35.0,35.0,100.0,22.0,40.0,40.0,100.0,35.0,11.666666666666664,1.0,0.4,0.25,3,0.0950850535804277,5.3311534839088015,0.3636363636363637,0.11428571428571427,0.0,0.0
Sundown Mountain,Iowa,Iowa,1059,475,584,0,0,0,1,1,2,2,6,21.0,2.0,0.6,55.0,55.0,,46.0,45.0,46.0,,55.0,18.33333333333333,,0.4,0.3928571428571429,3,0.0950850535804277,5.3311534839088015,0.2857142857142857,0.10909090909090907,0.0,0.0
Big Squaw Mountain Ski Resort,Maine,Maine,3200,660,1750,0,0,0,0,1,0,0,1,29.0,,0.8,,,67.0,6.0,,30.0,58.0,,,0.07745664739884392,,,9,0.6695372456130432,25.43810062182024,0.03448275862068965,,0.0,
Camden Snow Bowl,Maine,Maine,1080,850,150,0,0,0,0,1,1,1,3,26.0,2.0,1.0,100.0,48.0,68.0,83.0,69.0,43.0,70.0,48.0,11.111111111111109,0.07861271676300577,0.1176470588235294,0.12371134020618554,9,0.6695372456130432,25.43810062182024,0.1153846153846154,0.03,0.0,0.0
Lost Valley,Maine,Maine,495,240,255,0,0,0,0,0,2,2,4,22.0,2.0,0.3,45.0,45.0,87.0,58.0,50.0,55.0,104.0,45.0,5.0,0.10057803468208093,0.1176470588235294,0.11597938144329895,9,0.6695372456130432,25.43810062182024,0.18181818181818185,0.08888888888888889,0.0,0.0
Mt. Abram Ski Resort,Maine,Maine,2250,1150,1050,0,0,0,0,0,2,3,5,54.0,1.0,0.5,640.0,175.0,120.0,59.0,125.0,49.0,120.0,,71.1111111111111,0.13872832369942195,0.05882352941176471,,9,0.6695372456130432,25.43810062182024,0.0925925925925926,0.0078125,0.0,0.0
New Hermon Mountain,Maine,Maine,450,350,100,0,0,0,0,0,1,2,3,20.0,,1.9,70.0,70.0,102.0,55.0,90.0,32.0,117.0,45.0,7.777777777777778,0.11791907514450868,,0.11597938144329895,9,0.6695372456130432,25.43810062182024,0.15,0.042857142857142864,0.0,0.0
Shawnee Peak,Maine,Maine,1900,1350,600,0,0,0,1,2,1,2,6,43.0,3.0,0.8,239.0,234.0,97.0,81.0,110.0,75.0,103.0,110.0,26.555555555555557,0.11213872832369942,0.17647058823529413,0.28350515463917525,9,0.6695372456130432,25.43810062182024,0.13953488372093026,0.02510460251046025,0.0,0.0
Sugarloaf,Maine,Maine,4237,2820,1417,0,0,2,3,1,5,2,13,162.0,4.0,3.5,1240.0,618.0,159.0,68.0,200.0,99.0,155.0,,137.77777777777777,0.1838150289017341,0.2352941176470588,,9,0.6695372456130432,25.43810062182024,0.08024691358024691,0.010483870967741936,0.012345679012345678,0.0016129032258064516
Sunday River,Maine,Maine,3140,2340,800,1,0,4,5,3,1,1,15,135.0,5.0,3.0,870.0,552.0,165.0,60.0,167.0,105.0,169.0,140.0,96.66666666666669,0.1907514450867052,0.29411764705882354,0.3608247422680412,9,0.6695372456130432,25.43810062182024,0.1111111111111111,0.017241379310344827,0.02962962962962963,0.004597701149425286
Wisp,Maryland,Maryland,3115,700,2415,0,0,0,2,5,0,5,12,34.0,3.0,1.5,172.0,118.0,121.0,64.0,100.0,79.0,120.0,118.0,172.0,1.0,1.0,1.0,1,0.016540736525916026,8.060615831049493,0.35294117647058826,0.06976744186046513,0.0,0.0
Berkshire East,Massachusetts,Massachusetts,1720,1180,540,0,0,0,2,1,1,2,6,47.0,2.0,2.0,180.0,165.0,120.0,68.0,120.0,68.0,120.0,80.0,16.363636363636363,0.17883755588673622,0.1111111111111111,0.137221269296741,11,0.1595936918707181,104.22588592003031,0.1276595744680851,0.03333333333333333,0.0,0.0
Blandford Ski Area,Massachusetts,Massachusetts,1685,465,1035,0,0,0,0,0,3,2,5,29.0,2.0,0.5,132.0,70.0,,83.0,50.0,45.0,,70.0,12.0,,0.1111111111111111,0.12006861063464835,11,0.1595936918707181,104.22588592003031,0.1724137931034483,0.03787878787878788,0.0,0.0
Blue Hills Ski Area,Massachusetts,Massachusetts,635,309,326,0,0,0,0,0,1,3,4,16.0,1.0,,60.0,60.0,,19.0,,45.0,,,5.454545454545454,,0.05555555555555555,,11,0.1595936918707181,104.22588592003031,0.25,0.06666666666666668,0.0,0.0
Bousquet Ski Area,Massachusetts,Massachusetts,1875,750,1125,0,0,0,0,0,3,2,5,23.0,1.0,1.0,200.0,98.0,,19.0,83.0,49.0,,100.0,18.181818181818183,,0.05555555555555555,0.17152658662092626,11,0.1595936918707181,104.22588592003031,0.21739130434782608,0.025,0.0,0.0
Bradford Ski Area,Massachusetts,Massachusetts,1548,248,1300,0,0,0,0,2,0,8,10,15.0,1.0,0.3,48.0,48.0,,71.0,,55.0,,,4.363636363636363,,0.05555555555555555,,11,0.1595936918707181,104.22588592003031,0.6666666666666666,0.20833333333333331,0.0,0.0
Jiminy Peak,Massachusetts,Massachusetts,2380,1150,1230,0,1,0,2,3,1,2,9,45.0,3.0,2.0,167.0,163.0,121.0,71.0,90.0,81.0,120.0,104.0,15.181818181818182,0.18032786885245905,0.16666666666666666,0.1783876500857633,11,0.1595936918707181,104.22588592003031,0.2,0.053892215568862284,0.0,0.0
Nashoba Valley,Massachusetts,Massachusetts,440,240,200,0,0,0,0,3,1,7,11,17.0,2.0,0.5,52.0,52.0,112.0,55.0,55.0,58.0,126.0,52.0,4.727272727272728,0.1669150521609538,0.1111111111111111,0.08919382504288165,11,0.1595936918707181,104.22588592003031,0.6470588235294118,0.21153846153846154,0.0,0.0
Otis Ridge Ski Area,Massachusetts,Massachusetts,1700,400,1300,0,0,0,0,0,1,3,4,11.0,1.0,1.0,60.0,55.0,106.0,73.0,70.0,40.0,106.0,35.0,5.454545454545454,0.15797317436661698,0.05555555555555555,0.06003430531732418,11,0.1595936918707181,104.22588592003031,0.3636363636363637,0.06666666666666668,0.0,0.0
Ski Butternut,Massachusetts,Massachusetts,1800,1000,800,0,0,0,3,1,1,6,11,22.0,2.0,1.5,110.0,110.0,107.0,56.0,115.0,60.0,110.0,,10.0,0.15946348733233978,0.1111111111111111,,11,0.1595936918707181,104.22588592003031,0.5,0.1,0.0,0.0
Wachusett Mountain Ski Area,Massachusetts,Massachusetts,2006,1000,1006,0,0,3,0,1,0,4,8,27.0,2.0,1.5,112.0,112.0,,57.0,100.0,71.0,120.0,104.0,10.181818181818182,,0.1111111111111111,0.1783876500857633,11,0.1595936918707181,104.22588592003031,0.2962962962962963,0.07142857142857142,0.1111111111111111,0.026785714285714284
Alpine Valley Ski Area,Michigan,Michigan,500,240,126,0,0,0,1,2,5,6,14,25.0,3.0,0.2,100.0,100.0,,57.0,20.0,47.0,,100.0,3.571428571428572,,0.047619047619047616,0.05138746145940391,28,0.2803684883041781,28.9513410674773,0.56,0.14,0.0,0.0
Apple Mountain,Michigan,Michigan,820,220,600,0,0,0,1,0,0,5,6,12.0,,,80.0,42.0,,58.0,52.0,35.0,,80.0,2.8571428571428568,,,0.04110996916752312,28,0.2803684883041781,28.9513410674773,0.5,0.075,0.0,0.0
Big Powderhorn Mountain,Michigan,Michigan,1800,600,1200,0,0,0,0,0,9,1,10,45.0,2.0,1.0,253.0,228.0,100.0,55.0,214.0,69.0,108.0,,9.035714285714286,0.041858518208455424,0.031746031746031744,,28,0.2803684883041781,28.9513410674773,0.2222222222222222,0.03952569169960474,0.0,0.0
Bittersweet Ski Area,Michigan,Michigan,850,350,450,0,0,0,1,7,0,4,12,20.0,2.0,0.2,100.0,100.0,80.0,36.0,90.0,48.0,,100.0,3.571428571428572,0.033486814566764334,0.031746031746031744,0.05138746145940391,28,0.2803684883041781,28.9513410674773,0.6,0.12,0.0,0.0
Big Snow Resort - Blackjack,Michigan,Michigan,850,465,385,0,0,0,0,0,4,2,6,26.0,2.0,1.0,170.0,86.0,95.0,42.0,210.0,65.0,115.0,,6.071428571428571,0.03976559229803265,0.031746031746031744,,28,0.2803684883041781,28.9513410674773,0.2307692307692308,0.035294117647058816,0.0,0.0
Boyne Highlands,Michigan,Michigan,1290,552,745,0,0,1,3,4,0,2,10,55.0,4.0,1.2,435.0,400.0,97.0,56.0,140.0,98.0,120.0,150.0,15.535714285714285,0.04060276266220176,0.06349206349206349,0.07708119218910586,28,0.2803684883041781,28.9513410674773,0.18181818181818185,0.02298850574712644,0.01818181818181818,0.002298850574712644
Caberfae Peaks,Michigan,Michigan,1569,485,1060,0,0,0,1,2,1,1,5,34.0,2.0,1.2,200.0,200.0,118.0,82.0,140.0,49.0,130.0,150.0,7.142857142857142,0.0493930514859774,0.031746031746031744,0.07708119218910586,28,0.2803684883041781,28.9513410674773,0.14705882352941174,0.025,0.0,0.0
Cannonsburg,Michigan,Michigan,1100,250,850,0,0,0,1,1,1,7,10,21.0,5.0,0.1,100.0,,100.0,54.0,100.0,37.0,100.0,,3.571428571428572,0.041858518208455424,0.07936507936507936,,28,0.2803684883041781,28.9513410674773,0.4761904761904762,0.1,0.0,0.0
Crystal Mountain,Michigan,Michigan,1132,375,757,0,0,1,3,2,0,2,8,58.0,3.0,0.3,102.0,96.0,120.0,63.0,132.0,64.0,135.0,56.0,3.6428571428571432,0.050230221850146514,0.047619047619047616,0.02877697841726619,28,0.2803684883041781,28.9513410674773,0.13793103448275862,0.0784313725490196,0.017241379310344827,0.00980392156862745
Big Snow Resort - Indianhead Mountain,Michigan,Michigan,1935,638,1297,0,0,0,1,1,5,2,9,32.0,2.0,1.0,240.0,150.0,120.0,60.0,204.0,49.0,120.0,,8.571428571428571,0.050230221850146514,0.031746031746031744,,28,0.2803684883041781,28.9513410674773,0.28125,0.0375,0.0,0.0
Mont Ripley,Michigan,Michigan,1140,440,700,0,0,0,0,0,2,2,4,25.0,2.0,0.8,112.0,112.0,114.0,83.0,275.0,49.0,100.0,100.0,4.0,0.04771871075763918,0.031746031746031744,0.05138746145940391,28,0.2803684883041781,28.9513410674773,0.16,0.03571428571428571,0.0,0.0
Mount Bohemia,Michigan,Michigan,1500,900,600,0,0,0,0,1,1,0,2,,,2.3,585.0,,83.0,19.0,273.0,68.0,100.0,,20.892857142857142,0.034742570113018,,,28,0.2803684883041781,28.9513410674773,,0.0034188034188034192,,0.0
Mt. Brighton,Michigan,Michigan,1330,230,1100,0,0,0,2,3,0,8,13,25.0,5.0,0.1,130.0,130.0,111.0,59.0,60.0,59.0,100.0,130.0,4.642857142857143,0.046462955211385513,0.07936507936507936,0.06680369989722508,28,0.2803684883041781,28.9513410674773,0.52,0.1,0.0,0.0
Mt. Holiday Ski Area,Michigan,Michigan,440,200,240,0,0,0,0,0,2,2,4,12.0,,0.1,45.0,45.0,100.0,70.0,120.0,34.0,90.0,45.0,1.6071428571428572,0.041858518208455424,,0.02312435765673176,28,0.2803684883041781,28.9513410674773,0.3333333333333333,0.08888888888888889,0.0,0.0
Mount Holly,Michigan,Michigan,1105,350,755,0,0,1,2,3,1,6,13,19.0,,0.1,100.0,100.0,,63.0,42.0,45.0,102.0,100.0,3.571428571428572,,,0.05138746145940391,28,0.2803684883041781,28.9513410674773,0.6842105263157895,0.13,0.05263157894736842,0.01
Mulligan's Hollow Ski Bowl,Michigan,Michigan,700,130,570,0,0,0,0,0,0,5,5,6.0,,0.2,10.0,10.0,,19.0,60.0,20.0,,10.0,0.35714285714285715,,,0.00513874614594039,28,0.2803684883041781,28.9513410674773,0.8333333333333334,0.5,0.0,0.0
Norway Mountain,Michigan,Michigan,1335,500,835,0,0,0,0,1,2,3,6,17.0,1.0,1.4,186.0,186.0,110.0,45.0,100.0,45.0,110.0,40.0,6.642857142857142,0.046044370029300966,0.015873015873015872,0.02055498458376156,28,0.2803684883041781,28.9513410674773,0.35294117647058826,0.03225806451612903,0.0,0.0
Nubs Nob Ski Area,Michigan,Michigan,1338,427,911,0,0,0,3,4,2,1,10,53.0,3.0,0.9,248.0,248.0,133.0,61.0,135.0,85.0,130.0,160.0,8.857142857142858,0.055671829217245714,0.047619047619047616,0.08221993833504625,28,0.2803684883041781,28.9513410674773,0.18867924528301888,0.04032258064516129,0.0,0.0
Pine Mountain,Michigan,Michigan,1650,500,1150,0,0,0,0,1,2,1,4,28.0,1.0,0.5,160.0,160.0,110.0,80.0,60.0,45.0,126.0,80.0,5.7142857142857135,0.046044370029300966,0.015873015873015872,0.04110996916752312,28,0.2803684883041781,28.9513410674773,0.14285714285714285,0.025,0.0,0.0
Schuss Mountain at Shanty Creek,Michigan,Michigan,1125,450,675,0,0,0,5,0,0,3,8,42.0,3.0,1.0,70.0,70.0,94.0,57.0,160.0,78.0,111.0,70.0,2.5,0.039347007115948095,0.047619047619047616,0.03597122302158273,28,0.2803684883041781,28.9513410674773,0.19047619047619047,0.11428571428571427,0.0,0.0
Ski Brule,Michigan,Michigan,1860,500,1360,0,0,0,0,0,5,7,12,17.0,3.0,1.0,150.0,150.0,164.0,62.0,150.0,49.0,165.0,40.0,5.357142857142857,0.06864796986186689,0.047619047619047616,0.02055498458376156,28,0.2803684883041781,28.9513410674773,0.7058823529411765,0.08,0.0,0.0
Snow Snake Mountain Ski Area,Michigan,Michigan,1230,210,1020,0,0,0,0,1,0,5,6,12.0,2.0,0.0,40.0,40.0,,72.0,,35.0,,40.0,1.4285714285714286,,0.031746031746031744,0.02055498458376156,28,0.2803684883041781,28.9513410674773,0.5,0.15,0.0,0.0
Swiss Valley,Michigan,Michigan,1200,225,975,0,0,0,2,1,0,4,7,11.0,2.0,0.1,60.0,60.0,89.0,51.0,60.0,42.0,80.0,60.0,2.142857142857143,0.037254081205525334,0.031746031746031744,0.030832476875642344,28,0.2803684883041781,28.9513410674773,0.6363636363636364,0.11666666666666667,0.0,0.0
The Homestead,Michigan,Michigan,900,320,580,0,0,0,0,2,1,2,5,15.0,1.0,0.2,16.0,16.0,47.0,34.0,150.0,50.0,42.0,16.0,0.5714285714285714,0.019673503557974047,0.015873015873015872,0.008221993833504625,28,0.2803684883041781,28.9513410674773,0.3333333333333333,0.3125,0.0,0.0
Timber Ridge,Michigan,Michigan,850,250,600,0,0,0,1,1,2,4,8,16.0,2.0,0.3,50.0,50.0,80.0,58.0,,45.0,,50.0,1.7857142857142858,0.033486814566764334,0.031746031746031744,0.025693730729701957,28,0.2803684883041781,28.9513410674773,0.5,0.16,0.0,0.0
Afton Alps,Minnesota,Minnesota,1530,350,1180,0,0,0,1,3,14,4,22,48.0,5.0,0.5,250.0,250.0,135.0,56.0,60.0,60.0,135.0,250.0,17.857142857142858,0.09060402684563758,0.1724137931034483,0.24509803921568624,14,0.24824314777985515,16.103800496917273,0.4583333333333333,0.08800000000000001,0.0,0.0
Andes Tower Hills Ski Area,Minnesota,Minnesota,1620,290,1330,0,0,0,1,2,0,3,6,15.0,2.0,0.2,35.0,35.0,100.0,38.0,55.0,45.0,110.0,35.0,2.5,0.06711409395973154,0.06896551724137931,0.03431372549019608,14,0.24824314777985515,16.103800496917273,0.4,0.17142857142857146,0.0,0.0
Buck Hill,Minnesota,Minnesota,1225,309,919,0,0,0,2,1,0,5,8,16.0,,0.2,45.0,45.0,115.0,65.0,60.0,47.0,112.0,45.0,3.2142857142857144,0.07718120805369127,,0.04411764705882353,14,0.24824314777985515,16.103800496917273,0.5,0.17777777777777778,0.0,0.0
Buena Vista Ski Area,Minnesota,Minnesota,1510,230,1280,0,0,0,0,2,2,2,6,17.0,,0.3,30.0,30.0,57.0,70.0,78.0,44.0,60.0,30.0,2.142857142857143,0.03825503355704698,,0.029411764705882356,14,0.24824314777985515,16.103800496917273,0.35294117647058826,0.2,0.0,0.0
Coffee Mill Ski & Snowboard Resort,Minnesota,Minnesota,1150,425,725,0,0,0,0,0,2,1,3,14.0,1.0,1.0,40.0,35.0,57.0,39.0,48.0,37.0,56.0,35.0,2.8571428571428568,0.03825503355704698,0.03448275862068965,0.03431372549019608,14,0.24824314777985515,16.103800496917273,0.21428571428571427,0.075,0.0,0.0
Elm Creek Winter Recreation Area,Minnesota,Minnesota,928,60,868,0,0,0,0,0,0,3,3,3.0,,1.0,15.0,20.0,105.0,13.0,45.0,17.0,102.0,15.0,1.0714285714285714,0.07046979865771813,,0.014705882352941175,14,0.24824314777985515,16.103800496917273,1.0,0.2,0.0,0.0
Giants Ridge Resort,Minnesota,Minnesota,1972,500,1472,0,0,1,1,1,2,2,7,35.0,2.0,0.8,202.0,202.0,120.0,35.0,85.0,58.0,125.0,121.0,14.428571428571427,0.08053691275167785,0.06896551724137931,0.11862745098039215,14,0.24824314777985515,16.103800496917273,0.2,0.034653465346534656,0.028571428571428567,0.0049504950495049506
Hyland Ski & Snowboard Area,Minnesota,Minnesota,1075,175,900,0,0,0,2,1,0,5,8,14.0,1.0,1.0,35.0,35.0,110.0,61.0,55.0,35.34,115.0,35.0,2.5,0.0738255033557047,0.03448275862068965,0.03431372549019608,14,0.24824314777985515,16.103800496917273,0.5714285714285714,0.22857142857142854,0.0,0.0
Lutsen Mountains,Minnesota,Minnesota,1688,825,800,1,1,0,0,1,4,1,8,62.0,2.0,2.0,393.0,231.0,135.0,71.0,120.0,84.0,127.0,,28.07142857142857,0.09060402684563758,0.06896551724137931,,14,0.24824314777985515,16.103800496917273,0.12903225806451613,0.020356234096692117,0.0,0.0
Mount Kato Ski Area,Minnesota,Minnesota,540,240,300,0,0,0,5,0,3,2,10,19.0,4.0,1.0,55.0,55.0,115.0,43.0,50.0,46.0,120.0,50.0,3.928571428571429,0.07718120805369127,0.13793103448275862,0.04901960784313725,14,0.24824314777985515,16.103800496917273,0.5263157894736842,0.18181818181818185,0.0,0.0
Powder Ridge Ski Area,Minnesota,Minnesota,790,300,500,0,0,0,1,0,2,3,6,15.0,4.0,,60.0,60.0,97.0,58.0,45.0,48.0,113.0,60.0,4.285714285714286,0.06510067114093959,0.13793103448275862,0.05882352941176471,14,0.24824314777985515,16.103800496917273,0.4,0.1,0.0,0.0
Spirit Mountain,Minnesota,Minnesota,1320,700,620,0,0,1,1,2,1,2,7,22.0,3.0,1.0,175.0,175.0,100.0,45.0,100.0,59.0,125.0,144.0,12.5,0.06711409395973154,0.10344827586206896,0.1411764705882353,14,0.24824314777985515,16.103800496917273,0.3181818181818182,0.04,0.045454545454545456,0.005714285714285714
Welch Village,Minnesota,Minnesota,1060,360,700,0,0,0,3,1,4,2,10,50.0,1.0,0.8,125.0,125.0,114.0,54.0,45.0,60.0,122.0,100.0,8.928571428571429,0.07651006711409396,0.03448275862068965,0.09803921568627452,14,0.24824314777985515,16.103800496917273,0.2,0.08,0.0,0.0
Wild Mountain Ski & Snowboard Area,Minnesota,Minnesota,1113,300,813,0,0,0,4,0,0,4,8,26.0,4.0,0.9,100.0,100.0,130.0,47.0,50.0,55.0,140.0,100.0,7.142857142857142,0.08724832214765099,0.13793103448275862,0.09803921568627452,14,0.24824314777985515,16.103800496917273,0.3076923076923077,0.08,0.0,0.0
Hidden Valley Ski Area,Missouri,Missouri,2566,310,2316,0,0,0,2,2,0,3,7,17.0,,0.1,30.0,30.0,,37.0,26.0,49.0,,17.0,15.0,,,0.3617021276595745,2,0.03258694032744661,2.8691523089503206,0.4117647058823529,0.2333333333333333,0.0,0.0
Snow Creek,Missouri,Missouri,1100,300,800,0,0,0,0,2,1,2,5,14.0,2.0,0.3,30.0,30.0,69.0,33.0,20.0,47.0,85.0,30.0,15.0,1.0,1.0,0.6382978723404256,2,0.03258694032744661,2.8691523089503206,0.35714285714285715,0.16666666666666666,0.0,0.0
Blacktail Mountain Ski Area,Montana,Montana,6676,1440,5236,0,0,0,0,1,2,1,4,27.0,,0.7,1000.0,,,21.0,250.0,42.0,,,83.33333333333333,,,,12,1.1227776020838751,8.161044613710555,0.14814814814814814,0.004,0.0,0.0
Bridger Bowl,Montana,Montana,8700,2600,6100,0,0,0,1,6,1,3,11,105.0,2.0,1.5,2000.0,100.0,122.0,64.0,350.0,63.0,133.0,,166.66666666666666,0.12828601472134596,0.07407407407407407,,12,1.1227776020838751,8.161044613710555,0.10476190476190476,0.0055,0.0,0.0
Discovery Ski Area,Montana,Montana,8150,2380,5770,0,0,0,0,5,2,1,8,74.0,1.0,1.5,2400.0,25.0,116.0,46.0,225.0,49.0,116.0,,200.0,0.12197686645636173,0.037037037037037035,,12,1.1227776020838751,8.161044613710555,0.10810810810810813,0.0033333333333333327,0.0,0.0
Great Divide,Montana,Montana,7330,1580,5750,0,0,0,0,0,5,1,6,110.0,6.0,3.0,1600.0,150.0,94.0,78.0,180.0,48.0,100.0,100.0,133.33333333333334,0.09884332281808622,0.2222222222222222,0.14084507042253522,12,1.1227776020838751,8.161044613710555,0.054545454545454536,0.00375,0.0,0.0
Lost Trail - Powder Mtn,Montana,Montana,8200,1800,6400,0,0,0,0,0,5,3,8,69.0,2.0,2.5,1800.0,,84.0,81.0,325.0,46.0,80.0,,150.0,0.08832807570977919,0.07407407407407407,,12,1.1227776020838751,8.161044613710555,0.11594202898550725,0.004444444444444445,0.0,0.0
Maverick Mountain,Montana,Montana,8520,2020,6500,0,0,0,0,0,1,1,2,22.0,,1.3,255.0,,,83.0,160.0,39.0,,,21.25,,,,12,1.1227776020838751,8.161044613710555,0.09090909090909093,0.007843137254901959,0.0,0.0
Montana Snowbowl,Montana,Montana,7600,2600,5000,0,0,0,0,0,2,2,4,37.0,,1.2,950.0,20.0,,58.0,300.0,50.0,,10.0,79.16666666666667,,,0.014084507042253518,12,1.1227776020838751,8.161044613710555,0.10810810810810813,0.0042105263157894745,0.0,0.0
Red Lodge Mountain,Montana,Montana,9416,2400,7016,0,0,2,0,1,3,1,7,70.0,2.0,2.5,1635.0,496.0,142.0,59.0,250.0,67.0,136.0,,136.25,0.14931650893796006,0.07407407407407407,,12,1.1227776020838751,8.161044613710555,0.1,0.004281345565749235,0.028571428571428567,0.0012232415902140672
Showdown Montana,Montana,Montana,8200,1400,6800,0,0,0,0,1,2,1,4,36.0,1.0,1.8,640.0,,86.0,83.0,250.0,47.0,85.0,,53.33333333333334,0.0904311251314406,0.037037037037037035,,12,1.1227776020838751,8.161044613710555,0.1111111111111111,0.00625,0.0,0.0
Teton Pass Ski Resort,Montana,Montana,7200,1010,6190,0,0,0,0,0,1,2,3,43.0,1.0,3.0,330.0,,40.0,54.0,250.0,39.0,150.0,,27.5,0.04206098843322818,0.037037037037037035,,12,1.1227776020838751,8.161044613710555,0.06976744186046513,0.00909090909090909,0.0,0.0
Big Mountain Resort,Montana,Montana,6817,2353,4464,0,0,3,2,6,0,3,14,105.0,4.0,3.3,3000.0,600.0,123.0,72.0,333.0,81.0,123.0,600.0,250.0,0.12933753943217666,0.14814814814814814,0.8450704225352113,12,1.1227776020838751,8.161044613710555,0.13333333333333333,0.004666666666666667,0.028571428571428567,0.001
Diamond Peak,Sierra Nevada,Nevada,8540,1840,6700,0,0,1,2,0,3,1,7,30.0,3.0,2.5,655.0,492.0,100.0,53.0,300.0,99.0,122.0,,163.75,0.24096385542168675,0.3333333333333333,,4,0.12986355236552954,3.6175523640704705,0.2333333333333333,0.010687022900763359,0.03333333333333333,0.0015267175572519086
Elko SnoBowl,Nevada,Nevada,7000,700,6300,0,0,0,0,0,1,1,2,10.0,,1.0,60.0,2.0,19.0,23.0,24.0,20.0,30.0,,15.0,0.04578313253012048,,,4,0.12986355236552954,3.6175523640704705,0.2,0.03333333333333333,0.0,0.0
Lee Canyon,Nevada,Nevada,11289,860,8510,0,0,0,2,1,0,0,3,24.0,1.0,0.3,195.0,50.0,144.0,56.0,161.0,70.0,150.0,,48.75,0.3469879518072289,0.1111111111111111,,4,0.12986355236552954,3.6175523640704705,0.125,0.015384615384615384,0.0,0.0
Mt. Rose - Ski Tahoe,Sierra Nevada,Nevada,9700,1800,8260,0,2,0,2,2,0,2,8,65.0,5.0,2.5,1200.0,330.0,152.0,55.0,350.0,135.0,150.0,,300.0,0.36626506024096384,0.5555555555555556,,4,0.12986355236552954,3.6175523640704705,0.12307692307692307,0.006666666666666667,0.0,0.0
Attitash,New Hampshire,New Hampshire,2350,1750,600,0,0,2,1,3,2,1,9,68.0,3.0,3.0,311.0,240.0,115.0,54.0,120.0,89.0,130.0,,19.4375,0.06226312939902545,0.06976744186046513,,16,1.1767206413715856,171.1412985346026,0.1323529411764706,0.028938906752411574,0.029411764705882356,0.006430868167202572
Black Mountain,New Hampshire,New Hampshire,2350,1100,1250,0,0,0,0,1,1,3,5,45.0,,1.6,143.0,120.0,110.0,84.0,125.0,59.0,107.0,,8.9375,0.05955603681645912,,,16,1.1767206413715856,171.1412985346026,0.1111111111111111,0.03496503496503497,0.0,0.0
Bretton Woods,New Hampshire,New Hampshire,3100,1500,1600,0,0,4,1,1,0,3,9,63.0,2.0,2.0,464.0,427.0,180.0,46.0,200.0,99.0,180.0,45.0,29.0,0.09745533297238766,0.04651162790697674,0.1196808510638298,16,1.1767206413715856,171.1412985346026,0.14285714285714285,0.01939655172413793,0.06349206349206349,0.008620689655172414
Cannon Mountain,New Hampshire,New Hampshire,4080,2180,1900,1,0,1,2,3,1,3,11,97.0,3.0,2.3,285.0,192.0,124.0,81.0,160.0,79.0,143.0,,17.8125,0.06713589604764482,0.06976744186046513,,16,1.1767206413715856,171.1412985346026,0.1134020618556701,0.038596491228070184,0.010309278350515464,0.003508771929824561
Crotched Mountain,New Hampshire,New Hampshire,2066,1016,1050,0,0,1,1,1,1,1,5,25.0,3.0,1.2,100.0,100.0,105.0,16.0,105.0,69.0,100.0,100.0,6.25,0.0568489442338928,0.06976744186046513,0.26595744680851063,16,1.1767206413715856,171.1412985346026,0.2,0.05,0.04,0.01
Dartmouth Skiway,New Hampshire,New Hampshire,1943,969,974,0,0,0,1,0,1,2,4,28.0,1.0,1.1,107.0,54.0,104.0,63.0,100.0,50.0,105.0,,6.6875,0.056307525717379535,0.02325581395348837,,16,1.1767206413715856,171.1412985346026,0.14285714285714285,0.037383177570093455,0.0,0.0
Gunstock,New Hampshire,New Hampshire,2300,1400,900,0,0,1,2,2,0,1,6,55.0,4.0,1.5,227.0,176.0,106.0,82.0,120.0,92.0,,60.0,14.1875,0.057390362750406064,0.09302325581395347,0.1595744680851064,16,1.1767206413715856,171.1412985346026,0.10909090909090907,0.02643171806167401,0.01818181818181818,0.004405286343612335
King Pine,New Hampshire,New Hampshire,850,350,500,0,0,0,0,3,0,3,6,17.0,2.0,0.3,48.0,45.0,105.0,57.0,120.0,58.0,107.0,23.0,3.0,0.0568489442338928,0.04651162790697674,0.06117021276595745,16,1.1767206413715856,171.1412985346026,0.35294117647058826,0.125,0.0,0.0
Mount Sunapee,New Hampshire,New Hampshire,2743,1510,1233,0,0,2,1,2,1,4,10,66.0,4.0,0.8,232.0,215.0,130.0,71.0,100.0,93.0,136.0,,14.5,0.07038440714672442,0.09302325581395347,,16,1.1767206413715856,171.1412985346026,0.15151515151515152,0.04310344827586207,0.030303030303030307,0.008620689655172414
Pats Peak,New Hampshire,New Hampshire,1460,770,690,0,0,0,0,4,2,5,11,28.0,3.0,1.5,115.0,115.0,109.0,56.0,100.0,72.0,112.0,93.0,7.1875,0.059014618299945865,0.06976744186046513,0.2473404255319149,16,1.1767206413715856,171.1412985346026,0.3928571428571429,0.09565217391304348,0.0,0.0
Ragged Mountain Resort,New Hampshire,New Hampshire,2250,1250,1000,0,1,1,0,1,0,3,6,57.0,3.0,0.7,250.0,200.0,,54.0,100.0,84.0,140.0,,15.625,,0.06976744186046513,,16,1.1767206413715856,171.1412985346026,0.10526315789473684,0.024,0.017543859649122806,0.004
Waterville Valley,New Hampshire,New Hampshire,4004,2020,1984,0,0,2,0,2,3,4,11,62.0,4.0,1.9,265.0,220.0,142.0,54.0,148.0,93.0,142.0,,16.5625,0.0768814293448836,0.09302325581395347,,16,1.1767206413715856,171.1412985346026,0.1774193548387097,0.04150943396226415,0.03225806451612903,0.007547169811320755
Whaleback Mountain,New Hampshire,New Hampshire,1800,700,1100,0,0,0,0,0,1,3,4,30.0,1.0,1.0,85.0,60.0,105.0,64.0,110.0,45.0,105.0,55.0,5.3125,0.0568489442338928,0.02325581395348837,0.14627659574468085,16,1.1767206413715856,171.1412985346026,0.13333333333333333,0.047058823529411764,0.0,0.0
Wildcat Mountain,New Hampshire,New Hampshire,4062,2112,1950,0,0,1,0,3,0,1,5,48.0,,2.8,225.0,200.0,156.0,61.0,200.0,89.0,150.0,,14.0625,0.0844612885760693,,,16,1.1767206413715856,171.1412985346026,0.10416666666666667,0.022222222222222227,0.02083333333333333,0.004444444444444445
Mountain Creek Resort,New Jersey,New Jersey,1480,1040,440,1,0,2,2,1,1,3,10,46.0,3.0,2.0,167.0,167.0,90.0,54.0,65.0,79.99,100.0,167.0,83.5,0.5294117647058824,0.75,0.9226519337016574,2,0.02251696935102717,22.927891780350798,0.21739130434782608,0.05988023952095808,0.043478260869565216,0.011976047904191616
Angel Fire Resort,New Mexico,New Mexico,10677,2077,8600,0,0,2,0,0,3,2,7,81.0,3.0,3.0,560.0,230.0,101.0,53.0,210.0,77.0,101.0,50.0,62.22222222222222,0.10455486542443064,0.16666666666666666,1.0,9,0.4292195500920676,7.4019245003700975,0.08641975308641975,0.0125,0.02469135802469136,0.0035714285714285718
Enchanted Forest Ski Area,New Mexico,New Mexico,10078,400,9820,0,0,0,0,0,0,0,0,33.0,,2.5,600.0,,130.0,34.0,240.0,20.0,140.0,,66.66666666666667,0.13457556935817805,,,9,0.4292195500920676,7.4019245003700975,0.0,0.0,0.0,0.0
Pajarito Mountain Ski Area,New Mexico,New Mexico,10441,1410,9031,0,0,0,1,1,3,1,6,45.0,2.0,0.6,750.0,35.0,89.0,62.0,163.0,49.0,117.0,,83.33333333333333,0.09213250517598344,0.1111111111111111,,9,0.4292195500920676,7.4019245003700975,0.13333333333333333,0.008,0.0,0.0
Red River,New Mexico,New Mexico,10350,1600,8750,0,0,0,1,3,1,2,7,63.0,3.0,2.5,209.0,,110.0,60.0,214.0,79.0,,,23.222222222222218,0.11387163561076605,0.16666666666666666,,9,0.4292195500920676,7.4019245003700975,0.1111111111111111,0.03349282296650718,0.0,0.0
Sandia Peak,New Mexico,New Mexico,10378,1700,8678,0,0,0,0,0,4,1,5,39.0,1.0,2.0,200.0,30.0,32.0,82.0,100.0,55.0,38.0,,22.222222222222218,0.033126293995859216,0.05555555555555555,,9,0.4292195500920676,7.4019245003700975,0.1282051282051282,0.025,0.0,0.0
Sipapu Ski Resort,New Mexico,New Mexico,9255,1055,8200,0,0,0,1,2,0,3,6,42.0,4.0,0.5,200.0,140.0,127.0,67.0,190.0,47.0,143.0,,22.222222222222218,0.13146997929606624,0.2222222222222222,,9,0.4292195500920676,7.4019245003700975,0.14285714285714285,0.03,0.0,0.0
Ski Apache,New Mexico,New Mexico,11500,1900,9600,1,0,0,2,6,0,2,11,55.0,3.0,2.0,750.0,270.0,133.0,58.0,185.0,74.0,124.0,,83.33333333333333,0.13768115942028986,0.16666666666666666,,9,0.4292195500920676,7.4019245003700975,0.2,0.014666666666666666,0.0,0.0
Ski Santa Fe,New Mexico,New Mexico,12075,1725,10350,0,0,0,1,2,2,2,7,83.0,1.0,3.0,660.0,275.0,107.0,73.0,225.0,80.0,130.0,,73.33333333333333,0.11076604554865424,0.05555555555555555,,9,0.4292195500920676,7.4019245003700975,0.08433734939759037,0.010606060606060608,0.0,0.0
Taos Ski Valley,New Mexico,New Mexico,12481,3281,9200,1,0,1,3,4,1,4,14,111.0,1.0,5.0,1294.0,647.0,137.0,64.0,300.0,110.0,136.0,,143.77777777777774,0.14182194616977226,0.05555555555555555,,9,0.4292195500920676,7.4019245003700975,0.12612612612612611,0.010819165378670788,0.009009009009009007,0.0007727975270479134
Belleayre,New York,New York,3429,1404,2025,1,0,1,1,1,2,2,8,50.0,2.0,2.2,175.0,168.0,154.0,70.0,130.0,72.0,150.0,,5.303030303030303,0.06459731543624161,0.027777777777777776,,33,0.16963475221837274,60.48941435248832,0.16,0.045714285714285714,0.02,0.005714285714285714
Brantling Ski Slopes,New York,New York,850,250,600,0,0,0,0,0,0,5,5,10.0,,0.1,20.0,16.0,,19.0,110.0,32.0,,,0.6060606060606061,,,,33,0.16963475221837274,60.48941435248832,0.5,0.25,0.0,0.0
Bristol Mountain,New York,New York,2200,1200,1000,0,0,2,1,1,1,1,6,34.0,3.0,2.0,160.0,148.0,129.0,55.0,60.0,76.0,129.0,154.0,4.848484848484849,0.05411073825503356,0.04166666666666666,0.054301833568406205,33,0.16963475221837274,60.48941435248832,0.17647058823529413,0.0375,0.05882352941176471,0.0125
Buffalo Ski Club Ski Area,New York,New York,3429,500,2025,0,0,0,0,0,2,4,6,43.0,1.0,,225.0,150.0,,12.0,,50.0,,100.0,6.8181818181818175,,0.013888888888888888,0.03526093088857546,33,0.16963475221837274,60.48941435248832,0.13953488372093026,0.02666666666666667,0.0,0.0
Catamount,New York,New York,2000,1000,1000,0,0,0,1,1,2,3,7,36.0,5.0,2.0,133.0,130.0,100.0,80.0,108.0,69.0,90.0,55.0,4.03030303030303,0.04194630872483222,0.06944444444444445,0.019393511988716503,33,0.16963475221837274,60.48941435248832,0.19444444444444445,0.05263157894736842,0.0,0.0
Dry Hill Ski Area,New York,New York,950,300,650,0,0,0,0,0,1,2,3,7.0,1.0,0.2,35.0,26.0,,55.0,125.0,35.0,,26.0,1.0606060606060606,,0.013888888888888888,0.00916784203102962,33,0.16963475221837274,60.48941435248832,0.42857142857142855,0.08571428571428573,0.0,0.0
Gore Mountain,New York,New York,3600,2537,998,1,0,2,2,3,2,4,14,110.0,7.0,4.5,439.0,338.0,142.0,55.0,150.0,88.0,,15.0,13.303030303030305,0.059563758389261735,0.09722222222222222,0.005289139633286318,33,0.16963475221837274,60.48941435248832,0.12727272727272726,0.03189066059225513,0.01818181818181818,0.004555808656036446
Greek Peak,New York,New York,2100,952,1148,0,0,0,1,1,4,2,8,56.0,4.0,1.5,220.0,184.0,110.0,62.0,122.0,63.2,113.0,175.0,6.666666666666668,0.04614093959731544,0.05555555555555555,0.06170662905500705,33,0.16963475221837274,60.48941435248832,0.14285714285714285,0.03636363636363636,0.0,0.0
Holiday Mountain,New York,New York,1550,400,1150,0,0,0,1,0,1,2,4,9.0,,0.4,37.0,37.0,75.0,60.0,50.0,42.0,85.0,37.0,1.1212121212121209,0.031459731543624164,,0.01304654442877292,33,0.16963475221837274,60.48941435248832,0.4444444444444444,0.10810810810810813,0.0,0.0
Holiday Valley,New York,New York,2250,750,1500,0,0,3,8,0,0,2,13,60.0,5.0,1.0,290.0,266.0,116.0,62.0,180.0,78.0,129.0,189.0,8.787878787878787,0.04865771812080537,0.06944444444444445,0.06664315937940761,33,0.16963475221837274,60.48941435248832,0.21666666666666667,0.04482758620689655,0.05,0.010344827586206895
Holimont Ski Area,New York,New York,2260,700,1560,0,0,1,1,2,3,1,8,53.0,3.0,1.5,135.0,135.0,110.0,57.0,180.0,75.0,119.0,,4.090909090909091,0.04614093959731544,0.04166666666666666,,33,0.16963475221837274,60.48941435248832,0.1509433962264151,0.05925925925925926,0.018867924528301886,0.007407407407407408
Hunt Hollow Ski Club,New York,New York,2030,825,1000,0,0,0,0,1,1,1,3,19.0,1.0,1.0,400.0,400.0,,52.0,130.0,58.0,75.0,400.0,12.12121212121212,,0.013888888888888888,0.14104372355430184,33,0.16963475221837274,60.48941435248832,0.15789473684210525,0.0075,0.0,0.0
Hunter Mountain,New York,New York,3200,1600,1600,0,2,1,2,2,2,4,13,67.0,4.0,2.0,320.0,320.0,148.0,59.0,120.0,89.0,155.0,,9.696969696969695,0.06208053691275168,0.05555555555555555,,33,0.16963475221837274,60.48941435248832,0.19402985074626866,0.040625,0.01492537313432836,0.003125
Kissing Bridge,New York,New York,1700,550,1150,0,0,0,2,1,4,3,10,39.0,5.0,0.5,700.0,550.0,103.0,59.0,120.0,60.0,100.0,650.0,21.21212121212121,0.04320469798657718,0.06944444444444445,0.2291960507757405,33,0.16963475221837274,60.48941435248832,0.2564102564102564,0.014285714285714284,0.0,0.0
Labrador Mt.,New York,New York,1825,700,1125,0,0,0,0,1,2,1,4,23.0,1.0,1.0,250.0,237.0,,62.0,125.0,59.0,100.0,180.0,7.575757575757576,,0.013888888888888888,0.06346967559943582,33,0.16963475221837274,60.48941435248832,0.17391304347826084,0.016,0.0,0.0
Maple Ski Ridge,New York,New York,1200,450,750,0,0,0,0,1,1,1,3,10.0,,0.3,25.0,25.0,,57.0,,38.0,,20.0,0.7575757575757576,,,0.007052186177715092,33,0.16963475221837274,60.48941435248832,0.3,0.12,0.0,0.0
McCauley Mountain Ski Center,New York,New York,2250,633,1563,0,0,0,0,0,1,4,5,23.0,1.0,0.3,70.0,55.0,105.0,61.0,200.0,30.0,105.0,,2.121212121212121,0.044043624161073824,0.013888888888888888,,33,0.16963475221837274,60.48941435248832,0.21739130434782608,0.07142857142857142,0.0,0.0
Mount Peter Ski Area,New York,New York,1250,450,750,0,0,0,1,0,2,2,5,14.0,1.0,1.0,69.0,69.0,100.0,83.0,50.0,54.0,100.0,69.0,2.090909090909091,0.04194630872483222,0.013888888888888888,0.02433004231311707,33,0.16963475221837274,60.48941435248832,0.35714285714285715,0.07246376811594203,0.0,0.0
Oak Mountain,New York,New York,2400,650,1750,0,0,0,1,0,0,3,4,22.0,1.0,1.2,46.0,18.0,,71.0,120.0,40.0,,12.0,1.393939393939394,,0.013888888888888888,0.0042313117066290545,33,0.16963475221837274,60.48941435248832,0.18181818181818185,0.08695652173913042,0.0,0.0
Peek'n Peak,New York,New York,1800,400,1400,0,0,0,0,8,0,2,10,27.0,4.0,2.4,110.0,110.0,110.0,55.0,225.0,63.0,,110.0,3.333333333333333,0.04614093959731544,0.05555555555555555,0.038787023977433006,33,0.16963475221837274,60.48941435248832,0.3703703703703704,0.09090909090909093,0.0,0.0
Plattekill Mountain,New York,New York,3500,1100,2400,0,0,0,0,1,1,2,4,38.0,1.0,2.0,110.0,75.0,65.0,26.0,175.0,67.0,65.0,,3.333333333333333,0.027265100671140942,0.013888888888888888,,33,0.16963475221837274,60.48941435248832,0.10526315789473684,0.03636363636363636,0.0,0.0
Royal Mountain Ski Area,New York,New York,1800,550,1250,0,0,0,0,0,3,0,3,14.0,,0.3,35.0,28.0,,63.0,90.0,45.0,,,1.0606060606060606,,,,33,0.16963475221837274,60.48941435248832,0.21428571428571427,0.08571428571428573,0.0,0.0
Snow Ridge,New York,New York,2000,650,1350,0,0,0,0,0,4,2,6,21.0,2.0,0.8,130.0,65.0,73.0,74.0,230.0,48.0,100.0,40.0,3.939393939393939,0.030620805369127518,0.027777777777777776,0.014104372355430184,33,0.16963475221837274,60.48941435248832,0.2857142857142857,0.04615384615384616,0.0,0.0
Song Mountain,New York,New York,1940,700,1240,0,0,0,0,1,1,3,5,24.0,,0.4,93.0,70.0,90.0,55.0,125.0,59.0,122.0,70.0,2.8181818181818183,0.037751677852348994,,0.024682651622002817,33,0.16963475221837274,60.48941435248832,0.20833333333333331,0.053763440860215055,0.0,0.0
Swain,New York,New York,1970,650,1320,0,0,0,3,0,1,1,5,35.0,3.0,1.0,130.0,90.0,102.0,72.0,120.0,59.0,100.0,80.0,3.939393939393939,0.04278523489932886,0.04166666666666666,0.028208744710860368,33,0.16963475221837274,60.48941435248832,0.14285714285714285,0.038461538461538464,0.0,0.0
Thunder Ridge,New York,New York,1270,500,770,0,0,0,0,1,2,3,6,30.0,,0.4,100.0,100.0,121.0,60.0,,57.0,121.0,100.0,3.0303030303030303,0.05075503355704698,,0.03526093088857546,33,0.16963475221837274,60.48941435248832,0.2,0.06,0.0,0.0
Titus Mountain,New York,New York,2025,1200,825,0,0,0,0,2,6,2,10,50.0,3.0,2.0,200.0,150.0,101.0,59.0,150.0,49.0,100.0,70.0,6.0606060606060606,0.04236577181208054,0.04166666666666666,0.024682651622002817,33,0.16963475221837274,60.48941435248832,0.2,0.05,0.0,0.0
Toggenburg Mountain,New York,New York,2000,700,1300,0,0,0,0,1,1,3,5,22.0,2.0,0.4,85.0,,,66.0,130.0,55.0,122.0,73.0,2.575757575757576,,0.027777777777777776,0.025740479548660086,33,0.16963475221837274,60.48941435248832,0.2272727272727273,0.05882352941176471,0.0,0.0
West Mountain,New York,New York,1470,1010,460,0,0,0,0,1,2,2,5,29.0,1.0,0.6,124.0,105.0,,58.0,80.0,59.0,120.0,105.0,3.7575757575757582,,0.013888888888888888,0.03702397743300423,33,0.16963475221837274,60.48941435248832,0.1724137931034483,0.04032258064516129,0.0,0.0
Whiteface Mountain Resort,New York,New York,4650,3430,1220,1,0,1,1,2,5,2,12,86.0,5.0,2.1,288.0,220.0,122.0,61.0,168.0,96.0,141.0,,8.727272727272727,0.05117449664429529,0.06944444444444445,,33,0.16963475221837274,60.48941435248832,0.13953488372093026,0.04166666666666666,0.011627906976744186,0.003472222222222222
Willard Mountain,New York,New York,1415,505,910,0,0,0,0,0,2,3,5,16.0,,0.4,50.0,35.0,85.0,19.0,80.0,46.0,120.0,35.0,1.5151515151515151,0.03565436241610738,,0.012341325811001409,33,0.16963475221837274,60.48941435248832,0.3125,0.1,0.0,0.0
Windham Mountain,New York,New York,3100,1600,1500,0,1,2,0,3,1,5,12,54.0,6.0,2.0,285.0,280.0,123.0,59.0,105.0,95.0,130.0,56.0,8.636363636363637,0.051593959731543626,0.08333333333333333,0.019746121297602257,33,0.16963475221837274,60.48941435248832,0.2222222222222222,0.042105263157894736,0.037037037037037035,0.007017543859649123
Woods Valley Ski Area,New York,New York,1400,500,900,0,0,0,0,0,2,4,6,21.0,,0.3,25.0,16.0,,55.0,180.0,39.0,,15.0,0.7575757575757576,,,0.005289139633286318,33,0.16963475221837274,60.48941435248832,0.2857142857142857,0.24,0.0,0.0
Appalachian Ski Mountain,North Carolina,North Carolina,4000,365,3635,0,0,0,2,0,1,2,5,12.0,3.0,0.5,27.0,27.0,100.0,57.0,50.0,64.0,100.0,27.0,4.5,0.1976284584980237,0.3333333333333333,0.08059701492537312,6,0.057207779800390615,11.148479161634366,0.4166666666666667,0.1851851851851852,0.0,0.0
Cataloochee Ski Area,North Carolina,North Carolina,5400,740,4660,0,0,0,1,1,1,2,5,18.0,2.0,1.0,50.0,50.0,141.0,58.0,50.0,70.0,108.0,50.0,8.333333333333334,0.27865612648221344,0.2222222222222222,0.14925373134328354,6,0.057207779800390615,11.148479161634366,0.2777777777777778,0.1,0.0,0.0
Sapphire Valley,North Carolina,North Carolina,3450,200,3200,0,0,0,1,0,0,2,3,,1.0,1.0,8.0,8.0,53.0,55.0,24.0,43.0,60.0,8.0,1.3333333333333333,0.10474308300395258,0.1111111111111111,0.023880597014925373,6,0.057207779800390615,11.148479161634366,,0.375,,0.0
Beech Mountain Resort,North Carolina,North Carolina,5506,830,4675,0,0,0,3,0,3,2,8,17.0,1.0,1.0,95.0,95.0,98.0,52.0,31.0,68.0,,95.0,15.833333333333336,0.19367588932806326,0.1111111111111111,0.2835820895522388,6,0.057207779800390615,11.148479161634366,0.4705882352941176,0.08421052631578947,0.0,0.0
Sugar Mountain Resort,North Carolina,North Carolina,5300,1200,4100,0,1,0,0,1,4,2,8,21.0,1.0,1.5,125.0,125.0,114.0,50.0,77.0,75.0,120.0,95.0,20.83333333333333,0.22529644268774704,0.1111111111111111,0.2835820895522388,6,0.057207779800390615,11.148479161634366,0.3809523809523809,0.064,0.0,0.0
Wolf Ridge Ski Resort,North Carolina,North Carolina,4700,720,4000,0,0,0,1,0,1,2,4,15.0,1.0,0.6,65.0,65.0,,49.0,65.0,65.0,100.0,60.0,10.833333333333336,,0.1111111111111111,0.1791044776119403,6,0.057207779800390615,11.148479161634366,0.26666666666666666,0.061538461538461535,0.0,0.0
Alpine Valley,Ohio,Ohio,1500,230,1260,0,0,0,1,2,1,1,5,11.0,1.0,0.2,72.0,72.0,105.0,53.0,120.0,43.0,,72.0,14.4,0.2147239263803681,0.08333333333333333,0.17102137767220904,5,0.042774892848893416,11.154240842368267,0.4545454545454545,0.06944444444444445,0.0,0.0
Boston Mills,Ohio,Ohio,871,264,631,0,0,0,0,4,2,2,8,7.0,2.0,0.3,40.0,40.0,92.0,56.0,51.0,44.0,110.0,40.0,8.0,0.18813905930470348,0.16666666666666666,0.09501187648456057,5,0.042774892848893416,11.154240842368267,1.1428571428571428,0.2,0.0,0.0
Brandywine,Ohio,Ohio,871,240,631,0,0,0,2,7,2,5,16,11.0,2.0,0.3,85.0,85.0,92.0,56.0,51.0,44.0,110.0,85.0,17.0,0.18813905930470348,0.16666666666666666,0.2019002375296912,5,0.042774892848893416,11.154240842368267,1.4545454545454546,0.18823529411764706,0.0,0.0
Mad River Mountain,Ohio,Ohio,1460,300,1160,0,0,0,1,2,3,6,12,20.0,4.0,0.5,144.0,144.0,99.0,57.0,36.0,44.0,90.0,144.0,28.8,0.20245398773006132,0.3333333333333333,0.3420427553444181,5,0.042774892848893416,11.154240842368267,0.6,0.08333333333333333,0.0,0.0
Snow Trails,Ohio,Ohio,1475,301,1174,0,0,0,0,4,2,3,9,17.0,3.0,0.2,80.0,80.0,101.0,58.0,50.0,52.0,70.0,80.0,16.0,0.2065439672801636,0.25,0.19002375296912116,5,0.042774892848893416,11.154240842368267,0.5294117647058824,0.1125,0.0,0.0
Anthony Lakes Mountain Resort,Oregon,Oregon,8000,900,7100,0,0,0,0,1,0,2,3,21.0,2.0,1.5,1100.0,,75.0,56.0,300.0,40.0,80.0,,110.0,0.0635593220338983,0.09090909090909093,,10,0.2370939676893083,10.164770936886935,0.14285714285714285,0.0027272727272727275,0.0,0.0
Cooper Spur,Mt. Hood,Oregon,4000,350,3500,0,0,0,0,0,1,1,2,10.0,,0.1,50.0,,78.0,66.0,100.0,39.0,90.0,,5.0,0.06610169491525424,,,10,0.2370939676893083,10.164770936886935,0.2,0.04,0.0,0.0
Hoodoo Ski Area,Oregon,Oregon,5703,1035,4668,0,0,0,3,1,1,0,5,34.0,,0.4,806.0,,80.0,81.0,350.0,59.0,108.0,200.0,80.6,0.06779661016949153,,0.1774622892635315,10,0.2370939676893083,10.164770936886935,0.14705882352941174,0.00620347394540943,0.0,0.0
Mt. Ashland,Oregon,Oregon,7533,1150,6383,0,0,0,0,2,2,1,5,23.0,2.0,1.0,220.0,,94.0,55.0,300.0,52.0,92.0,40.0,22.0,0.07966101694915254,0.09090909090909093,0.0354924578527063,10,0.2370939676893083,10.164770936886935,0.21739130434782608,0.022727272727272728,0.0,0.0
Mt. Bachelor,Oregon,Oregon,9065,3365,5700,0,0,8,0,3,0,0,11,101.0,5.0,4.0,4318.0,20.0,185.0,61.0,462.0,99.0,185.0,,431.8,0.15677966101694915,0.2272727272727273,,10,0.2370939676893083,10.164770936886935,0.10891089108910892,0.0025474756831866605,0.07920792079207921,0.0018527095877721167
Mt. Hood Skibowl,Mt. Hood,Oregon,5100,1500,3600,0,0,0,0,0,4,5,9,65.0,2.0,3.0,960.0,29.0,125.0,82.0,300.0,70.0,144.0,317.0,96.0,0.1059322033898305,0.09090909090909093,0.28127772848269744,10,0.2370939676893083,10.164770936886935,0.13846153846153847,0.009375,0.0,0.0
Willamette Pass,Oregon,Oregon,6683,1563,5120,0,1,0,0,3,0,1,5,29.0,,2.1,555.0,60.0,3.0,78.0,430.0,60.0,100.0,,55.5,0.002542372881355932,,,10,0.2370939676893083,10.164770936886935,0.1724137931034483,0.009009009009009007,0.0,0.0
Bear Creek Mountain Resort,Pennsylvania,Pennsylvania,1100,510,600,0,0,0,3,1,0,2,6,23.0,3.0,1.0,86.0,86.0,91.0,52.0,30.0,60.0,90.0,86.0,4.526315789473684,0.06481481481481481,0.06382978723404255,0.056282722513089,19,0.14841443778775315,41.25591696703869,0.2608695652173913,0.06976744186046513,0.0,0.0
Ski Big Bear,Pennsylvania,Pennsylvania,1250,650,600,0,0,0,0,0,4,2,6,18.0,1.0,1.5,26.0,26.0,75.0,43.0,69.0,62.0,75.0,26.0,1.368421052631579,0.053418803418803416,0.02127659574468085,0.017015706806282727,19,0.14841443778775315,41.25591696703869,0.3333333333333333,0.2307692307692308,0.0,0.0
Big Boulder,Pennsylvania,Pennsylvania,2175,600,1700,0,0,0,0,2,5,1,8,16.0,8.0,,55.0,55.0,76.0,72.0,50.0,65.0,95.0,55.0,2.8947368421052637,0.05413105413105413,0.1702127659574468,0.03599476439790576,19,0.14841443778775315,41.25591696703869,0.5,0.14545454545454545,0.0,0.0
Blue Knob,Pennsylvania,Pennsylvania,3146,1072,2074,0,0,0,0,2,2,2,6,34.0,1.0,2.0,100.0,84.0,87.0,56.0,120.0,68.0,105.0,42.0,5.2631578947368425,0.061965811965811975,0.02127659574468085,0.0274869109947644,19,0.14841443778775315,41.25591696703869,0.17647058823529413,0.06,0.0,0.0
Blue Mountain Resort,Pennsylvania,Pennsylvania,1600,1082,460,0,1,1,1,1,3,9,16,39.0,5.0,1.2,164.0,164.0,122.0,42.0,33.0,65.0,112.0,164.0,8.631578947368421,0.0868945868945869,0.10638297872340426,0.10732984293193716,19,0.14841443778775315,41.25591696703869,0.41025641025641024,0.0975609756097561,0.02564102564102564,0.006097560975609756
Camelback Mountain Resort,Pennsylvania,Pennsylvania,2100,800,1250,0,0,2,0,3,5,6,16,37.0,5.0,1.0,166.0,166.0,100.0,56.0,50.0,70.0,100.0,160.0,8.736842105263158,0.07122507122507123,0.10638297872340426,0.10471204188481677,19,0.14841443778775315,41.25591696703869,0.4324324324324325,0.0963855421686747,0.054054054054054064,0.012048192771084338
Elk Mountain Ski Resort,Pennsylvania,Pennsylvania,2693,1000,1693,0,0,0,1,0,5,1,7,27.0,2.0,0.7,180.0,146.0,,60.0,60.0,69.0,100.0,90.0,9.473684210526317,,0.0425531914893617,0.058900523560209424,19,0.14841443778775315,41.25591696703869,0.25925925925925924,0.03888888888888889,0.0,0.0
Jack Frost,Pennsylvania,Pennsylvania,2000,600,1400,0,0,0,1,2,5,1,9,20.0,1.0,1.0,100.0,100.0,96.0,47.0,50.0,65.0,105.0,,5.2631578947368425,0.06837606837606837,0.02127659574468085,,19,0.14841443778775315,41.25591696703869,0.45,0.09,0.0,0.0
Liberty,Pennsylvania,Pennsylvania,1190,620,570,0,0,0,5,0,0,3,8,16.0,3.0,1.0,100.0,100.0,107.0,54.0,31.0,77.0,97.0,100.0,5.2631578947368425,0.07621082621082621,0.06382978723404255,0.06544502617801047,19,0.14841443778775315,41.25591696703869,0.5,0.08,0.0,0.0
Mount Pleasant of Edinboro,Pennsylvania,Pennsylvania,1540,340,1200,0,0,0,0,1,0,1,2,10.0,,0.5,40.0,35.0,75.0,48.0,100.0,33.0,90.0,35.0,2.1052631578947367,0.053418803418803416,,0.02290575916230366,19,0.14841443778775315,41.25591696703869,0.2,0.05,0.0,0.0
Roundtop Mountain Resort,Pennsylvania,Pennsylvania,1400,600,800,0,0,0,3,2,0,3,8,20.0,2.0,0.4,103.0,103.0,,55.0,30.0,73.0,,100.0,5.421052631578949,,0.0425531914893617,0.06544502617801047,19,0.14841443778775315,41.25591696703869,0.4,0.07766990291262135,0.0,0.0
Seven Springs,Pennsylvania,Pennsylvania,2994,750,2240,0,2,0,3,5,0,4,14,33.0,7.0,1.2,285.0,285.0,99.0,87.0,135.0,87.0,115.0,200.0,15.0,0.07051282051282051,0.14893617021276595,0.13089005235602094,19,0.14841443778775315,41.25591696703869,0.42424242424242425,0.04912280701754386,0.0,0.0
Shawnee Mountain Ski Area,Pennsylvania,Pennsylvania,1350,700,650,0,0,1,1,0,4,4,10,23.0,2.0,1.6,125.0,125.0,100.0,44.0,50.0,65.0,122.0,120.0,6.578947368421053,0.07122507122507123,0.0425531914893617,0.07853403141361258,19,0.14841443778775315,41.25591696703869,0.43478260869565216,0.08,0.043478260869565216,0.008
Ski Sawmill,Pennsylvania,Pennsylvania,2215,515,1700,0,0,0,0,1,1,3,5,14.0,1.0,0.1,15.0,13.0,,50.0,24.0,44.0,90.0,15.0,0.7894736842105263,,0.02127659574468085,0.00981675392670157,19,0.14841443778775315,41.25591696703869,0.35714285714285715,0.3333333333333333,0.0,0.0
Tussey Mountain,Pennsylvania,Pennsylvania,1750,520,1230,0,0,0,1,0,1,3,5,8.0,1.0,0.3,38.0,30.0,100.0,39.0,41.0,45.0,100.0,30.0,2.0,0.07122507122507123,0.02127659574468085,0.01963350785340314,19,0.14841443778775315,41.25591696703869,0.625,0.13157894736842105,0.0,0.0
Whitetail Resort,Pennsylvania,Pennsylvania,1800,935,865,0,0,1,3,0,2,2,8,23.0,2.0,1.0,120.0,120.0,116.0,28.0,40.0,71.0,100.0,120.0,6.315789473684211,0.08262108262108261,0.0425531914893617,0.07853403141361258,19,0.14841443778775315,41.25591696703869,0.3478260869565217,0.06666666666666668,0.043478260869565216,0.008333333333333333
Deer Mountain Ski Resort,South Dakota,South Dakota,6850,940,6040,0,0,0,0,1,1,2,4,63.0,2.0,1.6,500.0,50.0,69.0,51.0,200.0,45.0,81.0,,250.0,0.3770491803278688,0.6666666666666666,,2,0.22607581000136776,2.5934955132527615,0.06349206349206349,0.008,0.0,0.0
Terry Peak Ski Area,South Dakota,South Dakota,7100,1100,5900,0,0,3,0,1,0,1,5,30.0,1.0,1.2,450.0,225.0,114.0,65.0,150.0,58.0,120.0,,225.0,0.6229508196721312,0.3333333333333333,,2,0.22607581000136776,2.5934955132527615,0.16666666666666666,0.011111111111111113,0.1,0.006666666666666667
Ober Gatlinburg Ski Resort,Tennessee,Tennessee,3300,600,2700,0,0,0,2,0,1,1,4,10.0,1.0,1.0,,,83.0,44.0,35.0,65.0,94.0,,,1.0,1.0,,1,0.014643059321669063,2.372817008352316,0.4,,0.0,
Alta Ski Area,Salt Lake City,Utah,11068,2538,8530,0,0,3,0,1,2,0,6,116.0,,1.3,2614.0,140.0,150.0,81.0,545.0,116.0,140.0,,201.0769230769231,0.09715025906735753,,,13,0.4054950189615709,15.312673003757494,0.05172413793103448,0.002295332823259373,0.02586206896551724,0.0011476664116296866
Beaver Mountain,Utah,Utah,8600,1600,7232,0,0,0,0,1,3,1,5,48.0,2.0,0.8,464.0,,120.0,81.0,400.0,50.0,120.0,,35.692307692307686,0.07772020725388601,0.07692307692307693,,13,0.4054950189615709,15.312673003757494,0.10416666666666667,0.010775862068965518,0.0,0.0
Brian Head Resort,Utah,Utah,10970,1548,9600,0,0,1,0,6,1,0,8,71.0,2.0,0.6,650.0,216.0,149.0,54.0,360.0,59.0,148.0,,50.0,0.09650259067357513,0.07692307692307693,,13,0.4054950189615709,15.312673003757494,0.11267605633802814,0.012307692307692308,0.014084507042253518,0.0015384615384615385
Brighton Resort,Salt Lake City,Utah,10500,1745,8755,0,0,3,1,1,0,2,7,66.0,4.0,1.2,1050.0,200.0,138.0,83.0,500.0,85.0,138.0,200.0,80.76923076923076,0.08937823834196891,0.15384615384615385,0.3115264797507788,13,0.4054950189615709,15.312673003757494,0.10606060606060606,0.006666666666666667,0.045454545454545456,0.002857142857142857
Deer Valley Resort,Salt Lake City,Utah,9570,3000,6570,1,0,13,0,5,2,0,21,103.0,,2.8,2026.0,660.0,,39.0,300.0,169.0,,,155.84615384615384,,,,13,0.4054950189615709,15.312673003757494,0.20388349514563106,0.010365251727541954,0.1262135922330097,0.006416584402764067
Eagle Point,Utah,Utah,10600,1500,9100,0,0,0,1,1,2,1,5,40.0,1.0,0.9,650.0,,,9.0,400.0,60.0,109.0,,50.0,,0.038461538461538464,,13,0.4054950189615709,15.312673003757494,0.125,0.007692307692307694,0.0,0.0
Powder Mountain,Utah,Utah,9422,2522,6900,0,0,1,4,1,0,3,9,167.0,2.0,3.5,8464.0,,120.0,47.0,500.0,88.0,146.0,300.0,651.0769230769231,0.07772020725388601,0.07692307692307693,0.4672897196261682,13,0.4054950189615709,15.312673003757494,0.053892215568862284,0.0010633270321361056,0.00598802395209581,0.00011814744801512288
Snowbasin,Utah,Utah,9350,2900,6450,3,1,2,0,3,0,2,11,107.0,4.0,3.5,3000.0,625.0,143.0,79.0,300.0,115.0,138.0,,230.7692307692308,0.09261658031088082,0.15384615384615385,,13,0.4054950189615709,15.312673003757494,0.10280373831775699,0.0036666666666666666,0.018691588785046728,0.0006666666666666666
Snowbird,Salt Lake City,Utah,11000,3240,7760,1,0,6,0,0,4,3,14,170.0,1.0,2.5,2500.0,,188.0,48.0,500.0,125.0,180.0,2.0,192.3076923076923,0.12176165803108807,0.038461538461538464,0.003115264797507788,13,0.4054950189615709,15.312673003757494,0.08235294117647059,0.0056,0.035294117647058816,0.0024
Solitude Mountain Resort,Salt Lake City,Utah,10488,2494,7994,0,0,4,2,1,1,1,9,80.0,,3.0,1200.0,150.0,161.0,62.0,500.0,119.0,148.0,,92.30769230769229,0.10427461139896373,,,13,0.4054950189615709,15.312673003757494,0.1125,0.0075,0.05,0.0033333333333333327
Sundance,Utah,Utah,8250,2150,6100,0,0,0,2,2,0,1,5,45.0,1.0,0.6,450.0,112.0,128.0,50.0,320.0,80.0,129.0,,34.615384615384606,0.08290155440414508,0.038461538461538464,,13,0.4054950189615709,15.312673003757494,0.1111111111111111,0.011111111111111113,0.0,0.0
Nordic Valley Resort,Utah,Utah,6400,960,5440,0,0,0,0,0,2,2,4,23.0,1.0,0.4,140.0,84.0,105.0,51.0,300.0,50.0,105.0,140.0,10.769230769230768,0.06800518134715026,0.038461538461538464,0.2180685358255452,13,0.4054950189615709,15.312673003757494,0.17391304347826084,0.028571428571428567,0.0,0.0
Bolton Valley,Vermont,Vermont,3150,1704,1446,0,0,0,2,0,3,1,6,71.0,3.0,0.6,300.0,90.0,133.0,53.0,300.0,79.0,132.0,50.0,20.0,0.07484524479459764,0.06,1.0,15,2.403888530086268,155.99001663893512,0.08450704225352113,0.02,0.0,0.0
Bromley Mountain,Vermont,Vermont,3284,1334,1950,0,0,1,1,0,4,3,9,47.0,1.0,2.5,178.0,153.0,,83.0,168.0,91.0,152.0,,11.866666666666667,,0.02,,15,2.403888530086268,155.99001663893512,0.1914893617021277,0.05056179775280899,0.02127659574468085,0.005617977528089888
Burke Mountain,Vermont,Vermont,3267,2011,1210,0,0,2,1,0,0,3,6,50.0,3.0,2.2,178.0,125.0,110.0,62.0,217.0,73.0,125.0,,11.866666666666667,0.061902082160945414,0.06,,15,2.403888530086268,155.99001663893512,0.12,0.033707865168539325,0.04,0.011235955056179777
Jay Peak,Vermont,Vermont,3968,2153,1815,1,0,1,3,1,1,2,9,79.0,2.0,3.0,385.0,300.0,155.0,64.0,349.0,89.0,160.0,,25.66666666666667,0.08722566122678672,0.04,,15,2.403888530086268,155.99001663893512,0.1139240506329114,0.023376623376623374,0.012658227848101266,0.002597402597402597
Killington Resort,Vermont,Vermont,4241,3050,1165,3,1,5,4,3,1,5,22,155.0,6.0,6.0,1515.0,600.0,192.0,61.0,250.0,119.0,,,101.0,0.1080472706809229,0.12,,15,2.403888530086268,155.99001663893512,0.14193548387096774,0.014521452145214522,0.03225806451612903,0.0033003300330033004
Magic Mountain,Vermont,Vermont,2850,1500,1350,0,0,0,0,0,3,3,6,50.0,1.0,1.6,205.0,95.0,76.0,59.0,150.0,74.0,80.0,,13.666666666666664,0.04276871131119865,0.02,,15,2.403888530086268,155.99001663893512,0.12,0.02926829268292683,0.0,0.0
Pico Mountain,Vermont,Vermont,3967,1967,2000,0,0,2,0,2,2,1,7,59.0,1.0,4.0,260.0,156.0,,82.0,250.0,81.0,,,17.333333333333332,,0.02,,15,2.403888530086268,155.99001663893512,0.11864406779661014,0.026923076923076925,0.03389830508474576,0.007692307692307694
Smugglers' Notch Resort,Vermont,Vermont,3640,2610,1030,0,0,0,0,0,6,2,8,78.0,6.0,3.0,1000.0,192.0,136.0,63.0,280.0,79.0,135.0,,66.66666666666667,0.07653348339898705,0.12,,15,2.403888530086268,155.99001663893512,0.10256410256410256,0.008,0.0,0.0
Sugarbush,Vermont,Vermont,4083,2600,1483,0,0,5,5,2,1,3,16,111.0,4.0,3.0,581.0,406.0,150.0,61.0,250.0,119.0,156.0,,38.73333333333333,0.08441193021947102,0.08,,15,2.403888530086268,155.99001663893512,0.14414414414414414,0.027538726333907058,0.045045045045045036,0.008605851979345954
Suicide Six,Vermont,Vermont,1200,650,550,0,0,0,0,0,2,1,3,24.0,,0.4,100.0,50.0,100.0,85.0,90.0,75.0,106.0,,6.666666666666668,0.05627462014631402,,,15,2.403888530086268,155.99001663893512,0.125,0.03,0.0,0.0
Bryce Resort,Virginia,Virginia,1750,500,1250,0,0,0,1,0,1,5,7,8.0,,0.4,25.0,25.0,100.0,54.0,30.0,68.0,95.0,20.0,6.25,0.27322404371584696,,0.14814814814814814,4,0.04686299684881493,9.35125657510228,0.875,0.28,0.0,0.0
49 Degrees North,Washington,Washington,5774,1851,3932,0,0,0,1,0,5,1,7,89.0,1.0,2.0,2325.0,,101.0,48.0,301.0,62.0,135.0,250.0,232.5,0.09882583170254404,0.047619047619047616,0.12518778167250874,10,0.13132160885254726,14.02563886785043,0.07865168539325842,0.003010752688172043,0.0,0.0
Bluewood,Washington,Washington,5670,1125,4545,0,0,0,0,2,0,1,3,24.0,2.0,2.0,355.0,,70.0,40.0,300.0,47.0,110.0,,35.5,0.0684931506849315,0.09523809523809523,,10,0.13132160885254726,14.02563886785043,0.125,0.008450704225352112,0.0,0.0
Crystal Mountain,Washington,Washington,7012,3100,4400,1,2,2,1,2,2,0,10,57.0,1.0,2.5,2600.0,10.0,,57.0,486.0,99.0,,,260.0,,0.047619047619047616,,10,0.13132160885254726,14.02563886785043,0.17543859649122806,0.003846153846153847,0.03508771929824561,0.0007692307692307692
Mt. Baker,Washington,Washington,5000,1500,3500,0,0,0,8,0,0,2,10,38.0,,0.7,1000.0,,143.0,66.0,663.0,60.01,165.0,,100.0,0.13992172211350293,,,10,0.13132160885254726,14.02563886785043,0.2631578947368421,0.01,0.0,0.0
Mt. Spokane Ski and Snowboard Park,Washington,Washington,5889,2000,4200,0,0,0,0,1,5,1,7,52.0,3.0,0.6,1704.0,,100.0,81.0,300.0,59.0,103.0,45.0,170.4,0.09784735812133072,0.14285714285714285,0.022533800701051574,10,0.13132160885254726,14.02563886785043,0.1346153846153846,0.004107981220657277,0.0,0.0
The Summit at Snoqualmie,Washington,Washington,3865,1025,2840,0,0,3,3,4,10,7,27,112.0,5.0,0.8,1994.0,5.0,120.0,82.0,428.0,95.0,140.0,541.0,199.4,0.11741682974559685,0.2380952380952381,0.27090635953930897,10,0.13132160885254726,14.02563886785043,0.24107142857142855,0.013540621865596791,0.026785714285714284,0.0015045135406218655
White Pass,Washington,Washington,6550,2050,4500,0,0,2,1,1,2,2,8,45.0,2.0,2.5,1402.0,30.0,148.0,67.0,400.0,69.0,144.0,90.0,140.2,0.14481409001956946,0.09523809523809523,0.04506760140210316,10,0.13132160885254726,14.02563886785043,0.17777777777777778,0.005706134094151214,0.04444444444444445,0.0014265335235378034
Canaan Valley Resort,West Virginia,West Virginia,4280,850,3430,0,0,0,1,2,0,1,4,47.0,1.0,1.2,95.0,75.0,,48.0,160.0,68.0,93.0,,23.75,,0.1111111111111111,,4,0.22319597666932456,16.50846058605035,0.0851063829787234,0.042105263157894736,0.0,0.0
Snowshoe Mountain Resort,West Virginia,West Virginia,4848,1500,3348,0,0,3,2,6,0,3,14,60.0,5.0,1.5,257.0,257.0,125.0,46.0,180.0,87.0,138.0,86.0,64.25,0.3654970760233918,0.5555555555555556,0.4598930481283423,4,0.22319597666932456,16.50846058605035,0.2333333333333333,0.05447470817120623,0.05,0.011673151750972765
Timberline Four Seasons,West Virginia,West Virginia,4265,1000,3268,0,0,0,0,2,1,1,4,40.0,1.0,2.0,100.0,100.0,97.0,37.0,150.0,92.0,115.0,27.0,25.0,0.2836257309941521,0.1111111111111111,0.1443850267379679,4,0.22319597666932456,16.50846058605035,0.1,0.04,0.0,0.0
Winterplace Ski Resort,West Virginia,West Virginia,3600,603,2997,0,0,0,2,3,2,2,9,27.0,2.0,1.2,90.0,90.0,120.0,36.0,100.0,72.0,120.0,74.0,22.5,0.3508771929824561,0.2222222222222222,0.39572192513368987,4,0.22319597666932456,16.50846058605035,0.3333333333333333,0.1,0.0,0.0
Alpine Valley Resort,Wisconsin,Wisconsin,1040,388,820,0,0,3,0,3,1,5,12,21.0,3.0,0.2,90.0,90.0,100.0,55.0,80.0,65.0,120.0,90.0,6.0,0.06583278472679395,0.075,0.08450704225352113,15,0.2576242169511926,22.90216196408941,0.5714285714285714,0.13333333333333333,0.14285714285714285,0.03333333333333333
Bruce Mound,Wisconsin,Wisconsin,1375,375,1000,0,0,0,0,1,0,4,5,12.0,2.0,0.5,40.0,30.0,42.0,71.0,42.0,25.0,42.0,30.0,2.6666666666666665,0.027649769585253458,0.05,0.028169014084507043,15,0.2576242169511926,22.90216196408941,0.4166666666666667,0.125,0.0,0.0
Cascade Mountain,Wisconsin,Wisconsin,1280,460,820,0,0,2,2,3,2,3,12,47.0,4.0,1.1,175.0,175.0,120.0,57.0,56.0,64.0,120.0,,11.666666666666664,0.07899934167215274,0.1,,15,0.2576242169511926,22.90216196408941,0.2553191489361702,0.06857142857142857,0.0425531914893617,0.011428571428571429
Christie Mountain,Wisconsin,Wisconsin,1650,350,1300,0,0,0,0,0,1,5,6,30.0,4.0,0.8,45.0,41.0,92.0,43.0,48.0,38.0,120.0,35.0,3.0,0.06056616194865042,0.1,0.03286384976525822,15,0.2576242169511926,22.90216196408941,0.2,0.13333333333333333,0.0,0.0
Devils Head,Wisconsin,Wisconsin,995,500,495,0,0,0,3,1,6,2,12,27.0,1.0,1.0,260.0,260.0,110.0,48.0,45.0,65.0,135.0,200.0,17.333333333333332,0.07241606319947334,0.025,0.18779342723004694,15,0.2576242169511926,22.90216196408941,0.4444444444444444,0.04615384615384616,0.0,0.0
Grand Geneva,Wisconsin,Wisconsin,1086,211,875,0,0,0,0,0,3,3,6,20.0,1.0,0.2,30.0,30.0,90.0,25.0,25.0,49.0,93.0,30.0,2.0,0.05924950625411455,0.025,0.028169014084507043,15,0.2576242169511926,22.90216196408941,0.3,0.2,0.0,0.0
Granite Peak Ski Area,Wisconsin,Wisconsin,1942,700,1242,0,1,2,0,2,0,2,7,75.0,4.0,0.6,220.0,160.0,136.0,82.0,75.0,92.0,135.0,200.0,14.666666666666664,0.08953258722843976,0.1,0.18779342723004694,15,0.2576242169511926,22.90216196408941,0.09333333333333334,0.031818181818181815,0.02666666666666667,0.00909090909090909
Mount La Crosse,Wisconsin,Wisconsin,1110,516,594,0,0,0,0,0,3,1,4,19.0,1.0,0.4,100.0,100.0,115.0,60.0,40.0,56.0,100.0,90.0,6.666666666666668,0.07570770243581304,0.025,0.08450704225352113,15,0.2576242169511926,22.90216196408941,0.21052631578947367,0.04,0.0,0.0
Nordic Mountain,Wisconsin,Wisconsin,1137,265,872,0,0,0,0,1,1,5,7,18.0,4.0,1.0,60.0,60.0,68.0,43.0,80.0,47.0,90.0,60.0,4.0,0.04476629361421988,0.1,0.056338028169014086,15,0.2576242169511926,22.90216196408941,0.3888888888888889,0.11666666666666667,0.0,0.0
Sunburst,Wisconsin,Wisconsin,1100,214,866,0,0,0,0,0,3,6,9,13.0,4.0,0.5,37.0,37.0,99.0,59.0,50.0,44.0,115.0,37.0,2.466666666666667,0.065174456879526,0.1,0.03474178403755868,15,0.2576242169511926,22.90216196408941,0.6923076923076923,0.2432432432432433,0.0,0.0
Trollhaugen,Wisconsin,Wisconsin,1200,260,920,0,0,0,2,0,1,5,8,24.0,4.0,0.5,86.0,86.0,130.0,69.0,50.0,54.0,120.0,86.0,5.7333333333333325,0.08558262014483213,0.1,0.08075117370892017,15,0.2576242169511926,22.90216196408941,0.3333333333333333,0.09302325581395347,0.0,0.0
Tyrol Basin,Wisconsin,Wisconsin,1160,300,860,0,0,0,0,3,0,2,5,18.0,5.0,0.5,32.0,32.0,112.0,61.0,41.0,48.0,103.0,32.0,2.1333333333333333,0.07373271889400923,0.125,0.03004694835680751,15,0.2576242169511926,22.90216196408941,0.2777777777777778,0.15625,0.0,0.0
Whitecap Mountain,Wisconsin,Wisconsin,1750,400,1295,0,0,0,1,0,4,0,5,43.0,1.0,1.0,400.0,300.0,105.0,57.0,200.0,60.0,118.0,,26.66666666666667,0.06912442396313365,0.025,,15,0.2576242169511926,22.90216196408941,0.11627906976744184,0.0125,0.0,0.0
Wilmot Mountain,Wisconsin,Wisconsin,1030,230,800,0,0,0,3,2,2,3,10,23.0,2.0,0.5,135.0,135.0,125.0,81.0,70.0,66.0,139.0,135.0,9.0,0.08229098090849242,0.05,0.1267605633802817,15,0.2576242169511926,22.90216196408941,0.43478260869565216,0.07407407407407407,0.0,0.0
Grand Targhee Resort,Wyoming,Wyoming,9920,2270,7851,0,0,2,2,0,0,1,5,95.0,1.0,2.7,2602.0,,152.0,50.0,500.0,90.0,152.0,,325.25,0.2122905027932961,0.07142857142857142,,8,1.382267921535561,8.17887192908918,0.05263157894736842,0.0019215987701767872,0.021052631578947368,0.0007686395080707147
Hogadon Basin,Wyoming,Wyoming,8000,640,7400,0,0,0,0,0,1,1,2,28.0,1.0,0.6,92.0,32.0,121.0,61.0,80.0,48.0,95.0,,11.5,0.16899441340782126,0.07142857142857142,,8,1.382267921535561,8.17887192908918,0.07142857142857142,0.021739130434782608,0.0,0.0
Sleeping Giant Ski Resort,Wyoming,Wyoming,7428,810,6619,0,0,0,0,1,1,1,3,48.0,1.0,1.0,184.0,18.0,61.0,81.0,310.0,42.0,77.0,,23.0,0.08519553072625698,0.07142857142857142,,8,1.382267921535561,8.17887192908918,0.0625,0.016304347826086956,0.0,0.0
Snow King Resort,Wyoming,Wyoming,7808,1571,6237,0,0,0,1,1,1,0,3,32.0,2.0,1.0,400.0,250.0,121.0,80.0,300.0,59.0,123.0,110.0,50.0,0.16899441340782126,0.14285714285714285,1.0,8,1.382267921535561,8.17887192908918,0.09375,0.0075,0.0,0.0
Snowy Range Ski & Recreation Area,Wyoming,Wyoming,9663,990,8798,0,0,0,0,1,3,1,5,33.0,2.0,0.7,75.0,30.0,131.0,59.0,250.0,49.0,,,9.375,0.1829608938547486,0.14285714285714285,,8,1.382267921535561,8.17887192908918,0.15151515151515152,0.06666666666666668,0.0,0.0
White Pine Ski Area,Wyoming,Wyoming,9500,1100,8400,0,0,0,0,2,0,0,2,25.0,,0.4,370.0,,,81.0,150.0,49.0,,,46.25,,,,8,1.382267921535561,8.17887192908918,0.08,0.005405405405405407,0.0,0.0
